key,reason,checked_at
Aaron Bouwman|2007-08-28,no_ja,2026-01-24T18:51:04.257Z
Aaron Essel|2005-07-30,no_ja,2026-02-17T13:13:22.116Z
Aaron Zehnter|2004-10-31,no_ja,2026-01-24T18:19:23.689Z
Ababacar Sarr|2002-03-14,no_ja,2026-02-17T13:06:26.198Z
Abdallah Al-Fakhouri|2000-01-22,no_ja,2026-02-08T15:36:35.366Z
Abdallah Awad|2000-02-19,notfound,2026-02-16T17:29:06.473Z
Abdallah Nasib|1994-02-25,notfound,2026-02-08T15:36:35.366Z
Abdelaziz El Balouti|1994-01-08,notfound,2026-02-17T12:57:15.226Z
Abdelhak Assal|1998-06-08,no_ja,2026-02-17T13:08:57.952Z
Abdelhamid Ait Boudlal|2006-04-16,no_ja,2026-01-24T18:40:19.186Z
Abdennour Iheb Belhocini|1996-08-18,no_ja,2026-02-17T13:11:34.535Z
Abderrahmane Bekkour|2003-07-22,notfound,2026-02-17T13:10:44.560Z
Abderrahmane Medjadel|1998-07-01,no_ja,2026-02-17T13:10:44.560Z
Abderrahmane Meziane|1994-03-07,no_ja,2026-02-17T13:11:34.535Z
Abdessalem Hallaoui|1989-06-28,no_ja,2026-02-17T13:11:34.536Z
Abdoul Ouattara|2005-10-22,no_ja,2026-01-24T18:41:12.280Z
Abdoulaye Camara|2008-09-28,no_ja,2026-01-24T18:30:33.075Z
Abdoulaye Faye|2004-09-22,no_ja,2026-01-24T18:45:31.185Z
Abdoulie Ceesay|2004-01-05,notfound,2026-01-24T18:20:13.284Z
Abdulaziz Hatim|1990-10-28,notfound,2026-02-16T17:29:47.672Z
Abdulla Abdullaev|1997-09-01,no_ja,2026-02-08T15:36:03.377Z
Abdullah Al-Salem|1992-12-19,notfound,2026-02-17T12:57:15.226Z
Abdullah Yousef|2002-04-10,notfound,2026-02-16T17:29:47.672Z
Abdulrahman Al-Oboud|1995-06-01,notfound,2026-02-17T12:57:15.226Z
Abdulrahman Al-Sanbi|2001-02-03,notfound,2026-02-16T17:29:47.672Z
Abdurauf Buriev|2002-07-20,notfound,2026-02-08T15:36:03.377Z
Abduvokhid Nematov|2001-03-20,notfound,2026-02-08T15:35:10.234Z
Abel Bretones|2000-08-21,no_ja,2026-01-24T18:12:31.655Z
Abner|2000-05-27,notfound,2026-01-24T18:40:19.186Z
Aboubaka Soumahoro|2005-02-04,no_ja,2026-01-24T18:15:59.133Z
Abrorbek Ismoilov|1998-01-08,notfound,2026-02-08T15:36:03.377Z
Abu Francis|2001-04-27,no_ja,2026-01-24T18:42:05.371Z
Abu Kamara|2003-07-21,no_ja,2026-01-24T18:12:31.655Z
Achraf Laâziri|2003-07-08,notfound,2026-01-24T18:40:19.186Z
Achref Abada|1999-06-15,no_ja,2026-02-17T13:10:44.560Z
Adam Boayar|2005-10-13,no_ja,2026-01-24T18:12:31.655Z
Adam Karabec|2003-07-02,no_ja,2026-01-24T18:40:19.186Z
Adam Kölle|2006-04-28,no_ja,2026-01-24T18:20:13.284Z
Adam Montgomery|2002-07-18,no_ja,2026-02-07T15:10:27.999Z
Adama Boiro|2002-06-22,no_ja,2026-01-24T18:11:27.031Z
Adama Camara|1996-10-18,no_ja,2026-01-24T18:47:21.547Z
Adel Mahamoud|2003-02-04,no_ja,2026-01-24T18:48:17.263Z
Adem Alilet|1999-01-17,no_ja,2026-02-17T13:10:44.560Z
Adem Arous|2004-07-17,no_ja,2026-02-17T13:11:34.536Z
Adem Zorgane|2000-01-06,no_ja,2026-02-17T13:10:44.561Z
Adham Al-Quraishi|1995-03-07,no_ja,2026-02-08T15:36:35.366Z
Adil Boulbina|2003-05-02,no_ja,2026-02-17T13:11:34.535Z
Adrian Beck|1997-06-09,no_ja,2026-01-24T18:20:13.284Z
Adrian Benedyczak|2000-11-24,no_ja,2026-01-24T18:33:09.279Z
Adrián Dela|1999-02-26,notfound,2026-01-24T18:13:43.229Z
Adrián Liso|2005-04-02,no_ja,2026-01-24T18:12:31.655Z
Adrian Semper|1998-01-12,no_ja,2026-01-24T18:36:34.031Z
Afonso Moreira|2005-03-19,no_ja,2026-01-24T18:40:19.186Z
Afsha|1996-03-06,notfound,2026-02-17T12:57:53.823Z
Agustín Albarracín|2005-08-29,no_ja,2026-02-05T14:11:00.612Z
Ahmad Al-Salman|2002-07-02,notfound,2026-02-16T17:29:06.473Z
Ahmad Assaf|1999-07-21,no_ja,2026-02-08T15:36:35.366Z
Ahmed Abdullahi|2004-06-19,no_ja,2026-02-03T18:47:29.237Z
Ahmed Al-Ghamdi|2001-09-20,no_ja,2026-02-17T12:57:15.226Z
Ahmed Al-Kassar|1991-05-08,no_ja,2026-02-16T17:29:47.672Z
Ahmed Al-Rawi|2004-05-30,no_ja,2026-02-16T17:29:47.672Z
Ahmed Eid|2001-01-02,notfound,2026-02-17T12:57:53.823Z
Ahmed Ersan|1995-09-28,notfound,2026-02-16T17:29:06.473Z
Ahmed Fathi|1993-01-25,notfound,2026-02-16T17:29:47.672Z
Ahmed Fatouh|1998-03-22,notfound,2026-02-17T12:57:15.226Z
Ahmed Hany|1997-05-19,notfound,2026-02-17T12:57:53.823Z
Ahmed Kendouci|1999-06-22,no_ja,2026-02-17T13:10:44.561Z
Ahmed Kouka|2001-07-04,notfound,2026-02-17T12:57:53.823Z
Ahmed Suhail|1999-02-08,no_ja,2026-02-16T17:29:47.672Z
Aidan Morris|2001-11-16,no_ja,2026-02-17T13:15:17.556Z
Aílson Tavares|1998-07-20,no_ja,2026-02-17T13:08:00.627Z
Aiman Dardari|2005-03-21,no_ja,2026-01-24T18:19:23.689Z
Aimar Modelo|2005-01-25,no_ja,2026-02-17T13:16:20.980Z
Aimen Mahious|1997-09-15,notfound,2026-02-17T13:11:34.535Z
Aitor Mañas|2003-01-05,no_ja,2026-02-03T19:33:55.505Z
Aji Alese|2001-01-17,no_ja,2026-01-24T18:09:28.517Z
Al Hassan Touré|2000-05-30,no_ja,2026-02-16T17:29:06.474Z
Al-Hashmi Al-Hussain|2003-08-15,no_ja,2026-02-16T17:29:47.672Z
Alaa Ghram|2001-07-24,no_ja,2026-02-17T13:11:34.536Z
Aladji Bamba|2006-07-14,no_ja,2026-01-24T18:42:59.116Z
Alberto Costa|2003-09-29,notfound,2026-01-24T18:52:46.269Z
Alberto Paleari|1992-08-29,no_ja,2026-01-24T18:31:20.213Z
Alberto Reina|1997-11-19,notfound,2026-01-24T18:13:43.229Z
Albian Hajdari|2003-05-18,no_ja,2026-01-24T18:14:42.861Z
Alejandro Catena|1994-10-28,notfound,2026-01-24T18:12:31.655Z
Alejandro Gomes Rodríguez|2008-03-11,no_ja,2026-01-24T18:40:19.186Z
Alejandro Rego|2003-06-11,no_ja,2026-01-24T18:11:27.031Z
Alemão|1998-04-01,notfound,2026-01-24T18:13:43.229Z
Alen Sherri|1997-12-15,no_ja,2026-01-24T18:32:15.239Z
Alessandro Di Pardo|1999-07-18,no_ja,2026-01-24T18:32:15.239Z
Alessandro Marcandalli|2002-10-25,no_ja,2026-01-24T18:35:09.433Z
Alessandro Nunziante|2007-03-14,no_ja,2026-01-24T18:25:16.503Z
Alessandro Zanoli|2000-10-03,notfound,2026-01-24T18:25:16.503Z
Alessio Castro-Montes|1997-05-17,notfound,2026-01-24T18:15:59.133Z
Alessio Furlanetto|2002-02-07,no_ja,2026-01-24T18:24:50.873Z
Alex Cairns|1993-01-04,no_ja,2026-01-24T18:10:17.264Z
Álex Domínguez|1998-07-30,no_ja,2026-01-24T18:42:05.370Z
Álex Forés|2001-04-12,no_ja,2026-01-24T18:13:43.229Z
Alex Freeman|2004-08-09,no_ja,2026-02-03T19:33:55.505Z
Alex Gálvez|2002-01-26,notfound,2026-02-17T13:16:53.647Z
Alex Murphy|2004-06-25,no_ja,2026-01-24T18:09:28.517Z
Álex Sala|2001-04-09,no_ja,2026-01-24T18:34:07.454Z
Álex Sancris|1997-01-18,no_ja,2026-01-24T18:12:31.655Z
Alex Tóth|2005-10-23,no_ja,2026-02-03T18:59:51.067Z
Álex Zendejas|1998-02-07,no_ja,2026-02-17T13:16:20.979Z
Alexander Meyer|1991-04-13,notfound,2026-01-24T18:14:42.861Z
Alexander Røssing-Lelesiit|2007-01-20,no_ja,2026-01-24T18:19:23.689Z
Alexis Guendouz|1996-01-26,no_ja,2026-02-17T13:09:52.356Z
Alexis Gutiérrez|2000-02-26,no_ja,2026-02-17T13:15:17.554Z
Alexis Mirbach|2005-03-04,no_ja,2026-01-24T18:47:21.547Z
Alexis Vossah|2008-03-11,no_ja,2026-01-24T18:42:05.371Z
Alfon González|1999-05-04,no_ja,2026-01-24T18:12:31.655Z
Ali Ahmed|2000-10-10,notfound,2026-02-17T13:14:19.981Z
Ali Al-Asmari|1997-01-12,notfound,2026-02-16T17:30:18.529Z
Ali Al-Azaizeh|2004-04-13,no_ja,2026-02-16T17:29:06.473Z
Ali Dembélé|2004-01-05,no_ja,2026-01-24T18:31:20.213Z
Ali Hajabi|2004-05-02,no_ja,2026-02-08T15:36:35.366Z
Ali Houary|2005-08-05,notfound,2026-01-24T18:12:31.655Z
Ali Lajami|1996-04-24,notfound,2026-02-16T17:30:18.528Z
Ali Lotfi|1989-10-14,no_ja,2026-02-17T12:57:15.226Z
Ali Majrashi|1999-10-01,no_ja,2026-02-16T17:30:18.529Z
Ali Youssif|2001-07-09,no_ja,2026-02-05T14:27:47.972Z
Alibek Davronov|2002-12-28,no_ja,2026-02-08T15:35:10.234Z
Alieu Njie|2005-05-14,no_ja,2026-01-24T18:31:20.214Z
Alimami Gory|1996-08-30,no_ja,2026-01-24T18:47:21.547Z
Alireza Koushki|2000-02-16,no_ja,2026-02-08T15:35:10.234Z
Alisher Odilov|2001-07-15,no_ja,2026-02-08T15:36:03.377Z
Alisson Santos|2002-09-27,no_ja,2026-01-24T18:53:08.500Z
Alisson|1992-10-02,ambiguous,2026-02-03T18:59:51.067Z
Aljoscha Kemlein|2004-08-02,no_ja,2026-01-24T18:15:32.751Z
Ally Samatta|1992-12-23,notfound,2026-01-24T18:46:22.872Z
Almahdi Ali|1992-03-02,no_ja,2026-02-16T17:29:47.672Z
Almoez Ali|1996-08-19,api_error,2026-02-16T17:29:47.672Z
Almugera Kabar|2006-06-06,notfound,2026-01-24T18:14:42.861Z
Alpha Diallo|2006-02-25,no_ja,2026-01-24T18:37:28.890Z
Alpha Touré|2006-01-25,no_ja,2026-01-24T18:49:11.479Z
Álvaro García|1992-10-27,notfound,2026-01-24T18:13:43.229Z
Álvaro Núñez|2000-07-07,no_ja,2026-01-24T18:11:27.031Z
Alvin Fortes|1994-05-25,notfound,2026-02-17T13:08:00.627Z
Alvin Petit Dol|2006-11-07,notfound,2026-01-24T18:48:17.263Z
Alysson|2006-05-05,notfound,2026-01-24T18:09:28.516Z
Amable Pinzón|2002-02-22,notfound,2026-02-17T13:16:53.647Z
Amadou Bene Coly|2002-09-15,notfound,2026-02-17T12:58:18.112Z
Amadou Cissé|2006-02-27,notfound,2026-01-24T18:41:12.279Z
Amady Camara|2005-05-28,no_ja,2026-01-24T18:48:17.263Z
Amer Jamous|2002-07-03,no_ja,2026-02-16T17:29:06.472Z
Ameth Niang|2006-12-10,notfound,2026-02-17T13:06:26.198Z
Amil Siljevic|2007-01-19,no_ja,2026-01-24T18:15:32.751Z
Amin Cherni|2001-07-07,no_ja,2026-02-17T13:12:26.991Z
Amin Chiakha|2006-03-12,no_ja,2026-02-17T13:11:34.535Z
Amine Sbaï|2000-11-05,notfound,2026-01-24T18:42:59.117Z
Amine Souane|2001-09-17,no_ja,2026-02-17T13:08:57.952Z
Amine Zouhzouh|2000-08-11,no_ja,2026-02-17T13:08:57.952Z
Amir Richardson|2002-01-24,no_ja,2026-01-24T18:36:04.294Z
Amir Sayoud|1990-09-30,notfound,2026-02-17T13:11:34.535Z
Amirmohammad Razzaghinia|2006-04-11,no_ja,2026-02-08T15:35:10.234Z
Amorim|2005-05-18,notfound,2026-02-05T14:11:00.612Z
Amr El Gazar|1999-09-20,notfound,2026-02-17T12:57:15.226Z
Amro Surag|1998-04-08,no_ja,2026-02-16T17:29:47.672Z
Anas Bach|1998-02-10,no_ja,2026-02-17T13:08:57.952Z
Anas El Mahraoui|2001-03-29,no_ja,2026-02-17T13:09:52.356Z
Andile Mbanjwa|1998-03-30,no_ja,2026-02-17T13:06:26.199Z
André Almeida|2000-05-30,notfound,2026-01-24T18:13:43.229Z
André Franco|1998-04-12,notfound,2026-01-24T18:52:46.269Z
André|2001-07-16,notfound,2026-01-24T18:10:17.265Z
Andréas Hountondji|2002-07-11,no_ja,2026-01-24T18:19:23.689Z
Andrés Castrín|2003-05-26,no_ja,2026-01-24T18:12:31.655Z
Andrés García|2003-02-07,notfound,2026-01-24T18:09:28.515Z
Andrew Irving|2000-05-13,notfound,2026-01-24T18:19:23.688Z
Andrew Moran|2003-10-15,notfound,2026-01-24T18:09:28.517Z
Andrija Bulatovic|2006-12-27,no_ja,2026-01-24T18:37:28.890Z
Andrik Markgraf|2006-03-07,no_ja,2026-01-24T18:15:32.751Z
Ángel Fortuño|2001-10-05,no_ja,2026-01-24T18:11:27.031Z
Ángel Ortiz|2004-07-25,notfound,2026-01-24T18:11:27.031Z
Ángel Pérez|2002-06-08,notfound,2026-02-03T19:33:55.505Z
Ángel Sepúlveda|1991-02-15,no_ja,2026-02-17T13:15:17.555Z
Anis Hadj Moussa|2002-02-11,no_ja,2026-01-24T18:51:04.256Z
Anthony Bermont|2005-02-10,no_ja,2026-01-24T18:37:28.890Z
Anthony Jung|1991-11-03,no_ja,2026-01-24T18:15:32.751Z
Anthony Kalik|1997-11-05,no_ja,2026-02-16T17:29:06.474Z
Anthony Mandréa|1996-12-25,no_ja,2026-02-17T13:10:44.560Z
Anthony Patterson|2000-05-10,notfound,2026-01-24T18:09:28.517Z
Antonio Caracciolo|1990-06-30,no_ja,2026-01-24T18:36:34.031Z
Antonio Sánchez|1997-04-22,notfound,2026-01-24T18:13:43.229Z
Antonio Vergara|2003-01-16,no_ja,2026-01-24T18:21:07.325Z
Antoniu Roca|2002-09-05,no_ja,2026-01-24T18:11:27.031Z
Antony|2000-02-24,notfound,2026-01-24T18:11:27.031Z
Anvar Khozhimirzaev|1994-10-21,no_ja,2026-02-08T15:36:03.377Z
Aref Aghasi|1997-01-02,no_ja,2026-02-08T15:35:10.234Z
Aref Al-Haj|2001-05-28,notfound,2026-02-16T17:29:06.473Z
Arkadiusz Pyrka|2002-09-20,no_ja,2026-01-24T18:19:23.689Z
Armando González|2003-04-20,notfound,2026-02-17T13:15:17.555Z
Armel Zohouri|2001-04-05,no_ja,2026-02-17T13:09:52.356Z
Arnaud Bodart|1998-03-11,no_ja,2026-01-24T18:39:23.235Z
Arsène Kouassi|2004-09-11,no_ja,2026-01-24T18:45:31.185Z
Arthur Atta|2003-01-14,no_ja,2026-01-24T18:30:33.075Z
Arthur Avom|2004-12-15,no_ja,2026-01-24T18:45:31.185Z
Arthur Borghi|2007-07-27,no_ja,2026-02-05T14:11:00.612Z
Arthur Chaves|2001-01-29,no_ja,2026-01-24T18:14:42.861Z
Arthur|2003-03-17,notfound,2026-01-24T18:14:42.861Z
Arya Yousefi|2002-04-22,notfound,2026-02-08T15:35:10.234Z
Aschraf El Mahdioui|1996-05-24,no_ja,2026-02-17T13:08:57.952Z
Asier Osambela|2004-10-30,no_ja,2026-01-24T18:12:31.656Z
Aubrey Modiba|1995-07-22,no_ja,2026-02-17T13:06:26.200Z
Aurèle Amenda|2003-07-31,no_ja,2026-01-24T18:15:32.751Z
Auston Trusty|1998-08-12,no_ja,2026-02-07T15:10:27.999Z
Avazbek Ulmasaliev|2000-03-27,no_ja,2026-02-08T15:35:10.234Z
Axel Tape|2007-08-10,notfound,2026-01-24T18:14:42.861Z
Aymen Sliti|2006-03-24,no_ja,2026-01-24T18:51:04.256Z
Ayodele Thomas|2007-07-23,no_ja,2026-02-05T13:50:55.743Z
Ayoub Al-Oui|2005-03-11,notfound,2026-02-16T17:29:47.672Z
Ayoub Ghezala|1995-12-06,no_ja,2026-02-17T13:10:44.560Z
Ayoub Khairi|2000-02-16,no_ja,2026-02-17T13:08:57.952Z
Ayoub Mouloua|2002-09-30,notfound,2026-02-17T13:09:52.356Z
Ayoub Oufkir|2006-01-04,no_ja,2026-02-05T14:36:16.338Z
Ayoube Amaimouni-Echghouyab|2004-11-30,no_ja,2026-01-24T18:15:32.751Z
Azarias Londoño|2001-06-21,no_ja,2026-02-17T13:16:53.647Z
Aziz Issah|2005-11-20,notfound,2026-02-17T13:13:22.116Z
Badra Ali Sangaré|1986-05-30,no_ja,2026-02-17T13:09:52.356Z
Badredine Bouanani|2004-12-08,no_ja,2026-01-24T18:14:42.861Z
Bahmed Deuff|2006-03-10,no_ja,2026-01-24T18:48:17.262Z
Balthazar Pierret|2000-05-15,no_ja,2026-01-24T18:34:07.453Z
Bamba Dieng|2000-03-23,notfound,2026-01-24T18:45:31.186Z
Bambo Diaby|1997-12-17,no_ja,2026-01-24T18:11:27.031Z
Bamo Meïté|2001-12-03,notfound,2026-01-24T18:45:31.185Z
Bandiougou Fadiga|2001-01-15,no_ja,2026-01-24T18:45:31.186Z
Bara Sapoko Ndiaye|2007-12-31,no_ja,2026-01-24T18:14:42.861Z
Bartosz Zelazowski|2005-04-25,no_ja,2026-01-24T18:46:22.872Z
Başar Önal|2004-07-06,no_ja,2026-01-24T18:52:46.268Z
Bathusi Aubaas|1995-05-14,no_ja,2026-02-17T13:07:04.219Z
Batista Mendy|2000-01-12,no_ja,2026-01-24T18:12:31.655Z
Baye Assane Ciss|2003-10-10,no_ja,2026-02-17T12:58:18.112Z
Ben Ahmed Kohili|2005-07-11,notfound,2026-02-17T13:11:34.535Z
Ben Bobzien|2003-04-29,no_ja,2026-01-24T18:20:13.285Z
Ben Voll|2000-12-09,no_ja,2026-01-24T18:19:23.689Z
Benchimol|2001-12-29,no_ja,2026-02-17T13:08:00.627Z
Benedict Hollerbach|2001-05-17,no_ja,2026-01-24T18:20:13.285Z
Benedikt Gimber|1997-02-19,no_ja,2026-01-24T18:20:13.284Z
Benjamin Arthur|2005-10-09,no_ja,2026-02-07T15:10:27.999Z
Benjamin Asare|1992-07-13,notfound,2026-02-17T13:12:26.992Z
Benjamin Leroy|1989-04-07,no_ja,2026-01-24T18:45:31.185Z
Bento|1999-06-10,notfound,2026-02-17T16:37:22.180Z
Berke Özer|2000-05-25,no_ja,2026-01-24T18:39:23.235Z
Bernard Nguene|2006-08-04,no_ja,2026-01-24T18:47:21.547Z
Bernardo|1995-05-14,notfound,2026-01-24T18:14:42.861Z
Beto|1998-01-31,notfound,2026-01-24T18:10:17.264Z
Bilal Boukerchaoui|2003-02-15,notfound,2026-02-17T13:11:34.534Z
Bilal Nadir|2003-11-28,no_ja,2026-01-24T18:39:23.234Z
Billy Gilmour|2001-06-11,api_error,2026-01-24T18:21:07.325Z
Billy van Duijl|2005-10-04,no_ja,2026-02-05T14:36:16.338Z
Blondy Nna Noukeu|2001-05-31,notfound,2026-01-24T18:09:28.517Z
Bonaventure Fonseca|2001-01-10,notfound,2026-02-17T12:58:18.112Z
Bong-soo Kim|1999-12-26,notfound,2026-02-08T15:36:03.378Z
Borja Sainz|2001-02-21,notfound,2026-01-24T18:53:08.499Z
Botirali Ergashev|1995-06-23,no_ja,2026-02-08T15:35:10.234Z
Bouchaib Arrassi|2000-01-06,no_ja,2026-02-17T13:08:57.952Z
Brandon Austin|1999-01-08,notfound,2026-01-24T18:10:17.264Z
Brandon Dominguès|2000-06-06,no_ja,2026-01-24T18:13:43.229Z
Brandon Thomas-Asante|1998-12-29,notfound,2026-02-17T13:13:22.116Z
Branimir Mlacic|2007-03-12,no_ja,2026-02-05T14:11:00.611Z
Brayann Pereira|2003-05-21,no_ja,2026-01-24T18:51:30.738Z
Bremer|1997-03-18,notfound,2026-01-24T18:22:02.969Z
Brenner|2000-01-16,notfound,2026-01-24T18:30:33.075Z
Brian White|1996-02-03,notfound,2026-02-17T13:16:20.979Z
Brooke Norton-Cuffy|2004-01-12,notfound,2026-01-24T18:35:09.433Z
Bruno Almeida|2000-07-02,notfound,2026-02-17T13:08:00.627Z
Bruno Ogbus|2005-12-17,no_ja,2026-01-24T18:15:32.751Z
Bryan Okoh|2003-05-16,no_ja,2026-02-05T14:27:47.970Z
Buba Sangaré|2007-08-06,no_ja,2026-01-24T18:23:00.266Z
Caleb Ekuban|1994-03-23,no_ja,2026-01-24T18:35:09.433Z
Caleb Kporha|2006-07-15,no_ja,2026-01-24T18:10:17.264Z
Caleb Yirenkyi|2006-01-15,no_ja,2026-02-17T13:13:22.116Z
Calebe|2000-04-30,no_ja,2026-01-24T18:12:31.656Z
Callum Elder|1995-01-27,no_ja,2026-02-16T17:29:06.474Z
Callum Osmand|2005-11-08,no_ja,2026-02-07T15:10:28.000Z
Cammy Devlin|1998-06-07,notfound,2026-02-16T17:29:06.474Z
Carl Klaus|1994-01-16,no_ja,2026-01-24T18:15:32.751Z
Carlos Acevedo|1996-04-19,no_ja,2026-02-17T13:14:19.982Z
Carlos Álvarez|2003-08-06,notfound,2026-01-24T18:13:43.229Z
Carlos Augusto|1999-01-07,notfound,2026-01-24T18:20:13.285Z
Carlos Domínguez|2001-02-11,notfound,2026-01-24T18:11:27.031Z
Carlos Espí|2005-07-24,no_ja,2026-01-24T18:13:43.229Z
Carlos Harvey|2000-02-03,no_ja,2026-02-17T13:16:20.980Z
Carlos Macià|2008-09-01,no_ja,2026-02-03T19:33:55.505Z
Carlos Martín|2002-04-22,notfound,2026-01-24T18:13:43.229Z
Carlos Moreno|1998-01-29,notfound,2026-02-17T13:14:19.982Z
Carlos Rodríguez|1997-01-03,notfound,2026-02-17T13:14:19.984Z
Carlos Romero|2001-10-29,notfound,2026-01-24T18:11:27.031Z
Cas Odenthal|2000-09-26,no_ja,2026-01-24T18:30:33.077Z
César Huerta|2000-12-03,no_ja,2026-02-17T13:15:17.555Z
César Samudio|1994-02-23,notfound,2026-02-17T13:16:20.979Z
Chancel Mbemba|1994-08-08,notfound,2026-01-24T18:39:23.235Z
Chang-geun Lee|1993-08-30,notfound,2026-02-08T15:36:03.377Z
Charles Herrmann|2006-01-21,no_ja,2026-01-24T18:15:59.133Z
Charles Pickel|1997-05-15,no_ja,2026-01-24T18:11:27.031Z
Charles Vanhoutte|1998-09-16,no_ja,2026-01-24T18:46:22.873Z
Charlie Cresswell|2002-08-17,notfound,2026-01-24T18:42:05.370Z
Charlie Crew|2006-06-15,notfound,2026-01-24T18:10:17.264Z
Cheikh Ndoye|1992-09-21,notfound,2026-02-17T12:57:53.823Z
Chema Andrés|2005-04-25,notfound,2026-01-24T18:14:42.861Z
Chemsdine Talbi|2005-05-09,no_ja,2026-01-24T18:09:28.517Z
Chidozie Awaziem|1997-01-01,api_error,2026-01-24T18:48:17.262Z
Chiheb Jebali|1996-05-26,no_ja,2026-02-17T13:12:26.991Z
Christ Inao Oulaï|2006-04-06,no_ja,2026-02-17T13:09:52.356Z
Christ-Owen Kouassi|2003-04-15,no_ja,2026-01-24T18:34:07.453Z
Christian Gomis|2003-10-29,notfound,2026-02-17T13:06:26.199Z
Christian Ordóñez|2004-07-24,no_ja,2026-01-24T18:33:09.279Z
Christopher Bonsu Baah|2004-12-14,no_ja,2026-02-17T13:13:22.116Z
Cláudio Ramos|1991-11-16,no_ja,2026-01-24T18:52:46.269Z
Cleiton|2003-04-25,notfound,2026-01-24T18:19:23.689Z
Clemens Riedel|2003-07-19,no_ja,2026-01-24T18:11:27.031Z
Clément Akpa|2001-11-24,no_ja,2026-01-24T18:48:17.263Z
Cléo Mélières|2005-04-13,no_ja,2026-01-24T18:49:11.479Z
Coba da Costa|2002-07-26,no_ja,2026-01-24T18:12:31.655Z
Colby Donovan|2006-09-07,no_ja,2026-02-07T15:10:28.000Z
Cole Campbell|2006-02-20,no_ja,2026-01-24T18:14:42.861Z
Corrie Ndaba|1999-12-25,no_ja,2026-01-24T18:34:07.453Z
Couhaib Driouech|2002-04-17,no_ja,2026-01-24T18:50:07.386Z
Cristian Martínez|1997-02-06,no_ja,2026-02-17T13:16:20.980Z
Cucho Hernández|1999-04-20,notfound,2026-01-24T18:11:27.031Z
Cyriaque Irié|2005-06-20,no_ja,2026-01-24T18:15:32.752Z
Dachi Lordkipanidze|2005-03-08,no_ja,2026-01-24T18:32:15.239Z
Dailon Livramento|2001-05-04,no_ja,2026-02-17T13:08:00.627Z
Damion Downs|2004-07-06,no_ja,2026-01-24T18:19:23.689Z
Dan Ballard|1999-09-22,notfound,2026-01-24T18:09:28.517Z
Dan Neil|2001-12-13,no_ja,2026-01-24T18:09:28.517Z
Dan Sinaté|2006-06-09,no_ja,2026-01-24T18:42:59.116Z
Dane Murray|2003-06-26,no_ja,2026-02-07T15:10:27.999Z
Daniel Boloca|1998-12-22,no_ja,2026-01-24T18:30:33.078Z
Daniël Deen|2003-02-13,no_ja,2026-02-05T14:36:16.337Z
Daniel Denoon|2004-01-28,no_ja,2026-01-24T18:36:34.031Z
Daniel Gleiber|2005-02-01,no_ja,2026-01-24T18:20:13.285Z
Daniel Jebbison|2003-08-13,notfound,2026-02-17T13:14:19.982Z
Daniel Klein|2001-03-13,notfound,2026-01-24T18:19:23.689Z
Daniel Mosquera|1999-10-20,no_ja,2026-01-24T18:36:34.031Z
Daniel Muñoz|1996-05-26,notfound,2026-02-03T15:32:43.768Z
Daniel Oyegoke|2003-01-03,notfound,2026-01-24T18:36:04.295Z
Daniel Schmidt|1992-02-03,notfound,2026-02-17T14:13:08.179Z
Daniele Sommariva|1997-07-18,no_ja,2026-01-24T18:35:09.433Z
Danilo Veiga|2002-09-25,no_ja,2026-01-24T18:34:07.453Z
Danilo|1999-04-07,notfound,2026-02-05T14:36:16.336Z
Danny Namaso|2000-08-28,no_ja,2026-01-24T18:49:11.479Z
Dante|1983-10-18,notfound,2026-01-24T18:46:22.872Z
Daouda Ba|2005-05-13,notfound,2026-02-17T12:58:18.112Z
Daouda Guindo|2002-10-14,no_ja,2026-01-24T18:43:27.385Z
Daren Mosengo|2006-08-11,no_ja,2026-01-24T18:46:22.872Z
Darko Nejasmic|1999-01-25,no_ja,2026-01-24T18:51:30.738Z
Darlin Yongwa|2000-09-22,notfound,2026-01-24T18:45:31.185Z
Darryl Bakola|2007-11-30,no_ja,2026-01-24T18:39:23.235Z
David Brooks|1997-07-08,notfound,2026-01-24T18:10:17.264Z
David Costa|2004-01-12,notfound,2026-02-17T13:08:00.627Z
David López|1989-10-09,notfound,2026-01-24T18:13:43.229Z
David López|2003-02-03,notfound,2026-01-24T18:13:43.229Z
David Moreira|2004-04-18,no_ja,2026-02-17T13:08:00.627Z
David Preu|2004-10-26,no_ja,2026-01-24T18:19:23.689Z
David Santos Daiber|2007-01-10,no_ja,2026-01-24T18:13:43.230Z
David Tavares|1999-03-19,no_ja,2026-02-17T13:08:00.627Z
Davinchi|2007-10-16,no_ja,2026-01-24T18:12:31.655Z
Dayann Methalie|2006-02-15,no_ja,2026-01-24T18:42:05.370Z
Dayne St Clair|1997-05-09,notfound,2026-02-17T13:13:22.117Z
Deano Van Rooyen|1996-11-24,no_ja,2026-02-17T13:06:26.200Z
Dehmaine Tabibou|2005-04-17,no_ja,2026-01-24T18:48:17.262Z
Deniz Zeitler|2006-12-13,no_ja,2026-01-24T18:14:42.861Z
Dennis Cirkin|2002-04-06,no_ja,2026-01-24T18:09:28.517Z
Dermane Karim|2003-12-26,no_ja,2026-01-24T18:45:31.185Z
Deveron Fonville|2003-05-16,no_ja,2026-01-24T18:51:30.738Z
Diaa Eddine Mechid|2006-06-11,notfound,2026-02-17T13:11:34.535Z
Diego Gómez|2003-03-27,notfound,2026-02-03T18:59:51.067Z
Diego González|2003-01-07,notfound,2026-01-24T18:30:33.074Z
Diego Pampín|2000-03-15,no_ja,2026-01-24T18:13:43.229Z
Dilshod Komilov|1999-05-16,no_ja,2026-02-08T15:35:10.234Z
Dilshod Saitov|1999-02-02,no_ja,2026-02-08T15:35:10.234Z
Diney Borges|1995-01-17,notfound,2026-02-17T13:08:00.627Z
Dirk Proper|2002-02-24,no_ja,2026-01-24T18:51:30.738Z
Diyor Kholmatov|2002-07-22,no_ja,2026-02-08T15:36:03.377Z
Djibril Coulibaly|2008-11-18,no_ja,2026-01-24T18:46:22.873Z
Dmytro Bogdanov|2007-03-06,no_ja,2026-01-24T18:15:32.751Z
Dodô|1998-11-17,notfound,2026-01-24T18:35:09.433Z
Dominik Prpić|2004-05-19,no_ja,2026-01-24T18:52:46.269Z
Don-Angelo Konadu|2006-05-03,no_ja,2026-01-24T18:51:30.737Z
Dong-heon Kim|1997-03-03,notfound,2026-02-08T15:36:03.377Z
Duk|2000-02-16,notfound,2026-02-17T13:08:00.627Z
Ebenezer Akinsanmiro|2004-11-25,no_ja,2026-01-24T18:37:28.887Z
Eddie Roberts|1994-05-01,no_ja,2026-02-17T13:16:20.979Z
Eddy Kouadio|2006-05-07,no_ja,2026-01-24T18:35:09.433Z
Edgardo Fariña|2001-10-19,no_ja,2026-02-17T13:16:20.979Z
Edilson Carrasquilla|2002-06-06,no_ja,2026-02-17T13:16:53.647Z
Edoardo Corvi|2001-03-23,no_ja,2026-01-24T18:33:09.279Z
Edoardo Iannoni|2001-04-11,no_ja,2026-01-24T18:30:33.078Z
Edoardo Motta|2005-01-13,no_ja,2026-02-05T14:11:00.613Z
Edoardo Pieragnolo|2003-01-03,no_ja,2026-01-24T18:30:33.078Z
Eduardo Quaresma|2002-03-02,no_ja,2026-01-24T18:53:08.500Z
Edward Cedeño|2003-07-05,no_ja,2026-02-17T13:16:20.980Z
Eetu Mömmö|2002-05-04,no_ja,2026-01-24T18:34:07.454Z
Ehsan Haddad|1994-02-05,notfound,2026-02-08T15:36:35.366Z
Eivind Helland|2005-04-25,no_ja,2026-02-05T14:11:00.613Z
El Mehdi Al Harrar|2000-11-30,no_ja,2026-02-17T13:08:57.952Z
El Mehdi Benabid|1998-01-24,no_ja,2026-02-17T13:08:57.951Z
Eli Kroupi|2006-06-23,notfound,2026-01-24T18:10:17.264Z
Elia Plicco|2007-02-01,no_ja,2026-01-24T18:33:09.279Z
Elias Baum|2005-10-26,no_ja,2026-01-24T18:15:32.751Z
Elias Benkara|2007-04-29,no_ja,2026-02-17T13:10:44.560Z
Elías Legendre Quiñónez|2008-04-22,notfound,2026-02-05T14:27:47.973Z
Elias Mokwana|1999-09-08,notfound,2026-02-17T13:07:04.220Z
Eliezer Mayenda|2005-05-08,notfound,2026-01-24T18:09:28.517Z
Elijah Dijkstra|2006-08-05,no_ja,2026-02-05T14:36:16.338Z
Elikya Legros|2008-06-06,no_ja,2026-01-24T18:48:17.263Z
Ellery Balcombe|1999-10-15,no_ja,2026-01-24T18:09:28.516Z
Elson Mendes|2005-09-18,no_ja,2026-02-17T13:08:00.627Z
Elysée Logbo|2004-05-06,no_ja,2026-01-24T18:46:22.872Z
Eman Kospo|2007-05-17,no_ja,2026-01-24T18:35:09.433Z
Emeka Eneli|1999-10-18,no_ja,2026-02-17T13:15:17.556Z
Emerson|1994-08-03,notfound,2026-01-24T18:38:27.121Z
Emersonn|2004-07-16,no_ja,2026-01-24T18:42:05.371Z
Emil Gazdov|2003-09-11,no_ja,2026-01-24T18:19:23.689Z
Emiliano Martínez|1992-09-02,notfound,2026-02-03T18:40:38.137Z
Emilio Lara|2002-05-18,notfound,2026-02-17T13:14:19.983Z
Emin Kujovic|2004-09-29,no_ja,2026-01-24T18:15:59.133Z
Emmanuel Biumla|2005-05-08,no_ja,2026-01-24T18:42:59.116Z
Emmanuel Emegha|2003-02-03,notfound,2026-01-24T18:42:05.370Z
Enzo Barrenechea|2001-05-22,notfound,2026-01-24T18:54:10.467Z
Enzo Boyomo|2001-10-07,notfound,2026-01-24T18:12:31.655Z
Enzo Faty|2007-03-09,notfound,2026-01-24T18:42:05.371Z
Enzo Molebe|2007-09-18,no_ja,2026-01-24T18:40:19.186Z
Eric da Silva Moreira|2006-05-03,no_ja,2026-02-03T18:59:51.067Z
Eric Smith|1997-01-08,notfound,2026-01-24T18:19:23.689Z
Érick Díaz|2006-03-04,no_ja,2026-02-17T13:16:20.979Z
Ernestas Lysionok|2007-03-09,no_ja,2026-01-24T18:34:07.454Z
Esmir Bajraktarevic|2005-03-10,no_ja,2026-01-24T18:50:07.386Z
Estéban Lepaul|2000-04-18,no_ja,2026-01-24T18:41:12.278Z
Estêvão|2007-04-24,notfound,2026-02-03T18:47:29.237Z
Étienne Youté Kinkoué|2002-01-14,no_ja,2026-01-24T18:45:31.186Z
Evidence Makgopa|2000-06-05,no_ja,2026-02-17T13:07:04.220Z
Ezechiel Banzuzi|2005-02-16,no_ja,2026-01-24T18:14:42.861Z
Ezra Mayers|2007-01-16,no_ja,2026-02-03T18:40:38.138Z
Fabien Centonze|1996-01-16,no_ja,2026-01-24T18:48:17.262Z
Fábio Baldé|2005-07-20,no_ja,2026-01-24T18:19:23.689Z
Fabio Moreno Fell|2000-06-04,no_ja,2026-01-24T18:20:13.285Z
Fabrício Garcia|2001-05-04,notfound,2026-02-17T13:08:00.627Z
Faisal Al-Ghamdi|2001-08-13,no_ja,2026-02-16T17:30:18.529Z
Fali Candé|1998-01-24,no_ja,2026-01-24T18:30:33.077Z
Fallou Cham|2006-02-14,notfound,2026-01-24T18:36:04.295Z
Fares Nechat|2001-05-25,no_ja,2026-02-17T13:10:44.561Z
Farid Chaâl|1994-07-03,no_ja,2026-02-17T13:10:44.560Z
Farrukh Sayfiev|1991-01-17,no_ja,2026-02-08T15:35:10.234Z
Fawaaz Basadien|1996-12-23,no_ja,2026-02-17T13:06:26.200Z
Fayssal Harchaoui|2006-01-15,no_ja,2026-01-24T18:15:59.133Z
Felipe Chávez|2007-04-10,no_ja,2026-02-05T13:50:55.741Z
Felipe Loyola|2000-11-09,no_ja,2026-02-05T14:11:00.613Z
Felix Agu|1999-09-27,no_ja,2026-01-24T18:15:32.752Z
Félix Lemaréchal|2003-08-07,no_ja,2026-01-24T18:41:12.279Z
Felix Mambimbi|2001-01-18,no_ja,2026-01-24T18:46:22.872Z
Felix Meiser|2007-01-16,no_ja,2026-01-24T18:19:23.689Z
Fer López|2004-05-24,no_ja,2026-01-24T18:10:17.265Z
Fernando Dickes|2007-10-13,no_ja,2026-01-24T18:15:59.133Z
Fidel Ambríz|2003-03-21,no_ja,2026-02-17T13:14:19.984Z
Filippo Mane|2005-03-08,no_ja,2026-01-24T18:14:42.861Z
Filippo Rinaldi|2002-12-04,no_ja,2026-01-24T18:33:09.279Z
Firas Chaouat|1996-05-08,no_ja,2026-02-17T13:12:26.991Z
Fisayo Dele-Bashiru|2001-02-06,no_ja,2026-01-24T18:24:50.874Z
Florent Hanin|1990-02-04,no_ja,2026-01-24T18:42:59.116Z
Florian Hellstern|2007-10-18,no_ja,2026-01-24T18:14:42.861Z
Florian Micheler|2005-05-17,no_ja,2026-01-24T18:14:42.861Z
Fodé Doucouré|2001-02-03,no_ja,2026-01-24T18:46:22.871Z
Fodé Sylla|2006-04-16,no_ja,2026-01-24T18:37:28.890Z
Fortune Makaringe|1993-05-13,no_ja,2026-02-17T13:07:04.220Z
Fotis Ioannidis|2000-01-10,no_ja,2026-01-24T18:54:10.466Z
Fouad Zahouani|2006-04-18,no_ja,2026-02-17T13:08:57.952Z
Fran González|2005-06-24,no_ja,2026-02-03T19:33:55.506Z
Francesco Coppola|2005-04-11,no_ja,2026-01-24T18:36:34.031Z
Francesco Folino|2002-01-23,no_ja,2026-01-24T18:32:15.238Z
Francesco Rossi|1991-04-27,notfound,2026-01-24T18:23:57.085Z
Frank Feller|2004-01-07,notfound,2026-01-24T18:20:13.284Z
Freddie Potts|2003-09-12,no_ja,2026-01-24T18:10:17.265Z
Fynn Schenten|2007-09-14,no_ja,2026-02-05T13:50:55.743Z
Gabin Bernardeau|2006-01-24,no_ja,2026-01-24T18:46:22.873Z
Gabriel Brown|1998-07-14,no_ja,2026-02-17T13:16:20.980Z
Gabriele Piccinini|2001-04-06,notfound,2026-01-24T18:37:28.887Z
Gaby Jean|2000-02-19,no_ja,2026-01-24T18:34:07.453Z
Gaëtan Perrin|1996-06-07,no_ja,2026-02-05T14:27:47.972Z
Gaoussou Diarra|2002-11-21,no_ja,2026-01-24T18:51:04.256Z
Gaspar|1997-09-27,notfound,2026-01-24T18:34:07.453Z
Gauthier Hein|1996-08-07,no_ja,2026-01-24T18:49:11.479Z
Geny Catamo|2001-01-26,no_ja,2026-01-24T18:53:08.500Z
George Campbell|2001-06-22,notfound,2026-02-17T13:15:17.556Z
Georgios Vagiannidis|2001-09-12,no_ja,2026-01-24T18:53:08.500Z
Gerald Alders|2005-05-07,no_ja,2026-01-24T18:51:04.257Z
Gerard Martín|2002-02-26,notfound,2026-02-03T19:33:55.505Z
Gessime Yassine|2005-11-22,no_ja,2026-02-05T14:27:47.972Z
Ghanam Mohamed|1997-03-12,no_ja,2026-02-17T12:57:53.823Z
Giacomo Satalino|1999-05-20,no_ja,2026-01-24T18:30:33.076Z
Giacomo Toniolo|2004-04-01,no_ja,2026-01-24T18:36:04.295Z
Gianluca Astaldi|2006-04-10,no_ja,2026-01-24T18:33:09.279Z
Gilberto Sepúlveda|1999-02-04,no_ja,2026-02-17T13:14:19.982Z
Gioele Zacchi|2003-07-10,no_ja,2026-01-24T18:30:33.076Z
Giorgi Abuashvili|2003-02-08,no_ja,2026-01-24T18:49:11.479Z
Giorgi Kvilitaia|1993-10-01,no_ja,2026-02-05T14:27:47.972Z
Giovane|2003-11-24,notfound,2026-01-24T18:36:34.030Z
Giovanni Bonfanti|2003-01-17,no_ja,2026-01-24T18:36:34.031Z
Giovany Herbert|2005-03-12,no_ja,2026-02-17T13:16:53.647Z
Giuseppe Ciocci|2002-01-24,no_ja,2026-01-24T18:32:15.239Z
Godson Kyeremeh|2000-06-14,no_ja,2026-01-24T18:46:22.872Z
Goduine Koyalipou|2000-02-15,no_ja,2026-01-24T18:13:43.229Z
Golib Gaybullaev|1996-01-22,no_ja,2026-02-08T15:35:10.234Z
Gonzalo Crettaz|2000-02-28,no_ja,2026-01-24T18:51:30.737Z
Grant Kekana|1992-10-31,no_ja,2026-02-17T13:06:26.200Z
Grant-Leon Ranos|2003-07-20,no_ja,2026-01-24T18:15:59.133Z
Grégoire Coudert|1999-04-03,no_ja,2026-01-24T18:43:27.385Z
Gui Ramos|1997-08-11,notfound,2026-01-24T18:15:59.133Z
Guilherme|1991-04-05,notfound,2026-02-16T17:29:47.672Z
Gustavo Nunes|2005-11-20,notfound,2026-01-24T18:09:28.516Z
Guy-Noël Zohouri|2007-02-01,notfound,2026-01-24T18:46:22.872Z
Habib Diallo|1995-06-18,notfound,2026-01-24T18:49:11.479Z
Hadi Al-Hourani|2000-03-14,no_ja,2026-02-08T15:36:35.366Z
Hadi Habibinejad|1995-10-17,no_ja,2026-02-08T15:35:10.234Z
Hady Reyad|1998-06-10,notfound,2026-02-17T12:57:15.226Z
Hákon Valdimarsson|2001-10-13,no_ja,2026-01-24T18:09:28.516Z
Hamari Traoré|1992-01-27,notfound,2026-01-24T18:47:21.547Z
Hamdy Fathy|1994-09-29,no_ja,2026-02-17T12:57:53.823Z
Hamed Al-Shanqity|2005-04-26,notfound,2026-02-16T17:29:47.672Z
Hamidou Makalou|2006-07-15,no_ja,2026-01-24T18:43:27.385Z
Hammam Al-Hammami|2004-01-30,no_ja,2026-02-17T12:57:15.226Z
Hamza Ben Abda|1995-03-14,no_ja,2026-02-17T13:11:34.536Z
Hamza El Moussaoui|1993-04-07,no_ja,2026-02-17T13:08:57.952Z
Hamza Hannouri|1998-01-22,no_ja,2026-02-17T13:09:52.356Z
Hamza Igamane|2002-11-02,no_ja,2026-01-24T18:40:19.186Z
Hamza Jelassi|1991-09-29,no_ja,2026-02-17T13:11:34.536Z
Hamza Khadhraoui|1999-01-16,notfound,2026-02-17T13:12:26.991Z
Hamzat Ojediran|2003-11-14,no_ja,2026-01-24T18:37:28.890Z
Hannes Hermann|2005-03-23,no_ja,2026-01-24T18:15:59.133Z
Hannibal|2003-01-21,notfound,2026-01-24T18:10:17.265Z
Harold Majadibodu|1995-02-13,notfound,2026-02-17T13:07:04.219Z
Harouna Djibirin|2006-11-05,no_ja,2026-01-24T18:42:59.117Z
Harrison Armstrong|2007-01-19,no_ja,2026-01-24T18:09:28.517Z
Harrison Ashby|2001-11-14,no_ja,2026-01-24T18:09:28.517Z
Harrison Jones|2004-12-25,no_ja,2026-01-24T18:09:28.517Z
Harry Tyrer|2001-12-06,notfound,2026-01-24T18:09:28.517Z
Hassan Kadesh|1992-09-26,notfound,2026-02-16T17:30:18.529Z
Hassane Kamara|1994-03-05,no_ja,2026-01-24T18:25:16.503Z
Hayden Matthews|2004-06-19,no_ja,2026-02-16T17:29:06.474Z
Hazem Mastouri|1997-06-18,no_ja,2026-02-17T13:12:26.991Z
Héctor Hurtado|1998-12-23,notfound,2026-02-17T13:16:20.980Z
Hélio Varela|2002-05-03,no_ja,2026-02-17T13:08:00.627Z
Hennes Behrens|2005-01-19,no_ja,2026-01-24T18:20:13.284Z
Henrik Meister|2003-11-13,notfound,2026-01-24T18:37:28.889Z
Henrique Menke|2007-01-12,no_ja,2026-01-24T18:23:00.266Z
Henrique Tavares|2002-07-29,notfound,2026-02-17T13:07:04.221Z
Herba Guirassy|2006-08-29,no_ja,2026-01-24T18:48:17.263Z
Heri Tavares|1997-02-19,notfound,2026-02-17T13:08:00.627Z
Himad Abdelli|1999-11-17,no_ja,2026-01-24T18:42:59.117Z
Hindolo Mustapha|2006-07-29,notfound,2026-01-24T18:10:17.264Z
Ho-jae Lee|2000-10-14,notfound,2026-02-08T15:36:03.378Z
Hossam Abdelmaguid|2001-04-30,no_ja,2026-02-17T12:57:15.226Z
Hossam Essadak|2005-07-30,no_ja,2026-02-17T13:08:57.952Z
Hossam Hassan|1993-09-02,no_ja,2026-02-17T12:57:53.823Z
Hossein Abarghouei|1996-07-08,notfound,2026-02-08T15:35:10.234Z
Houari Baouche|1995-12-24,no_ja,2026-02-17T13:10:44.561Z
Houssem Hassen Romdhane|2000-02-21,no_ja,2026-02-17T13:12:26.991Z
Houssem Mrezigue|2000-03-23,no_ja,2026-02-17T13:10:44.561Z
Houssem Tka|2000-08-16,no_ja,2026-02-17T13:12:26.991Z
Hugo Bolin|2003-07-24,no_ja,2026-02-05T13:50:55.744Z
Hugo Magnetti|1998-05-30,no_ja,2026-01-24T18:43:27.385Z
Hugo Rincón|2003-01-27,no_ja,2026-01-24T18:13:43.229Z
Husam Abu Dahab|2000-05-13,no_ja,2026-02-08T15:36:35.366Z
Hyeok-kyu Kwon|2001-03-13,notfound,2026-01-24T18:48:17.262Z
Hyun-taek Cho|2001-08-02,notfound,2026-02-08T15:36:03.377Z
Ibou Sané|2005-03-28,no_ja,2026-01-24T18:49:11.479Z
Ibrahim Adel|2001-04-23,no_ja,2026-02-17T12:57:53.823Z
Ibrahim Osman|2004-11-29,notfound,2026-01-24T18:49:11.479Z
Ibrahim Saadeh|2000-04-27,notfound,2026-02-16T17:29:06.472Z
Ibrahim Sabra|2006-02-01,no_ja,2026-02-16T17:29:06.473Z
Ibrahim Sulemana|2003-05-22,no_ja,2026-01-24T18:24:50.872Z
Ibrokhimkhalil Yuldoshev|2001-02-14,no_ja,2026-02-08T15:35:10.234Z
Idrissa Gueye|2006-09-16,no_ja,2026-01-24T18:30:33.075Z
Igor Sergeev|1993-04-30,ambiguous,2026-02-08T15:36:03.377Z
Igor Silva|1996-08-21,no_ja,2026-01-24T18:45:31.185Z
Iker Bravo|2005-01-13,notfound,2026-01-24T18:30:33.075Z
Iker Losada|2001-08-01,no_ja,2026-01-24T18:13:43.229Z
Iker Muñoz|2002-09-05,notfound,2026-01-24T18:12:31.655Z
Ilan Jourdren|2008-07-17,notfound,2026-01-24T18:37:28.889Z
Ilan Kebbal|1998-07-10,no_ja,2026-01-24T18:47:21.547Z
Ilano Silva Timas|2002-09-29,no_ja,2026-02-17T13:08:00.627Z
Ilay Camara|2003-01-18,no_ja,2026-02-17T12:58:18.112Z
Ilyas Ansah|2004-11-08,no_ja,2026-01-24T18:15:32.751Z
Ilyas Chaira|2001-02-02,no_ja,2026-01-24T18:13:43.229Z
Ilyes Chetti|1995-01-22,no_ja,2026-02-17T13:10:44.561Z
Imad Riahi|2000-07-27,no_ja,2026-02-17T13:09:52.356Z
Iñigo Arguibide|2005-04-19,notfound,2026-01-24T18:12:31.655Z
Insa Boye|2002-03-23,notfound,2026-02-17T12:58:18.112Z
Iqraam Rayners|1995-12-19,no_ja,2026-02-17T13:07:04.220Z
Isaac Romero|2000-05-18,notfound,2026-01-24T18:12:31.655Z
Isaac Schmidt|1999-12-07,no_ja,2026-01-24T18:15:32.752Z
Isaac|2004-03-26,notfound,2026-01-24T18:36:34.031Z
Isak Jensen|2003-12-23,no_ja,2026-02-05T14:36:16.338Z
İsak Vural|2006-05-28,no_ja,2026-01-24T18:37:28.887Z
Islam Issa|1996-02-01,no_ja,2026-02-17T12:57:53.823Z
Islom Tukhtakhuzhaev|1989-10-30,notfound,2026-02-08T15:35:10.234Z
Ismael Bekhoucha|2004-11-20,no_ja,2026-01-24T18:12:31.655Z
Ismaël Guerti|2004-07-30,no_ja,2026-01-24T18:49:11.479Z
Ismaëlo Ganiou|2005-03-14,no_ja,2026-01-24T18:37:28.890Z
Israel Reyes|2000-05-23,no_ja,2026-02-17T13:14:19.982Z
Issa Kane|2003-03-20,notfound,2026-02-17T12:58:18.112Z
Issa Laye|1997-12-22,no_ja,2026-02-16T17:29:47.672Z
Issa Soumaré|2000-10-10,no_ja,2026-01-24T18:46:22.872Z
Issa Traoré|2007-11-14,no_ja,2026-01-24T18:14:42.861Z
Issam Smeeri|1999-05-30,no_ja,2026-02-08T15:36:35.366Z
Iván Anderson|1997-11-24,no_ja,2026-02-17T13:16:20.980Z
Iván Romero|2001-04-10,no_ja,2026-01-24T18:13:43.229Z
Ivan Smolcic|2000-08-17,no_ja,2026-01-24T18:23:00.266Z
Ja'far Samara|2004-06-08,no_ja,2026-02-08T15:36:35.366Z
Jacen Russell-Rowe|2002-09-13,no_ja,2026-02-05T14:27:47.974Z
Jack Iredale|1996-05-02,no_ja,2026-02-16T17:29:06.474Z
Jackson Tchatchoua|2001-09-14,notfound,2026-01-24T18:10:17.265Z
Jacob Italiano|2001-07-30,no_ja,2026-02-16T17:29:06.474Z
Jacques Ekomié|2003-08-19,no_ja,2026-01-24T18:42:59.116Z
Jae-hyeon Mo|1996-09-24,notfound,2026-02-08T15:36:03.378Z
Jahkeele Marshall-Rutty|2004-06-16,no_ja,2026-02-17T13:13:22.117Z
Jahmai Simpson-Pusey|2005-11-04,no_ja,2026-01-24T18:15:32.752Z
Jair Cunha|2005-03-07,no_ja,2026-01-24T18:10:17.265Z
Jakhongir Urozov|2004-01-18,no_ja,2026-02-08T15:35:10.234Z
Jakub Zielinski|2008-02-21,no_ja,2026-01-24T18:19:23.689Z
Jamal Harkass|1995-11-24,no_ja,2026-02-17T13:08:57.952Z
Jamaldeen Jimoh-Aloba|2006-10-02,no_ja,2026-01-24T18:09:28.516Z
James Hill|2002-01-10,notfound,2026-01-24T18:10:17.264Z
James Maddison|1996-11-23,ambiguous,2026-02-03T17:57:13.566Z
James Overy|2007-11-09,no_ja,2026-02-16T17:29:06.474Z
Jamie Knight-Lebel|2004-12-24,no_ja,2026-02-17T13:13:22.117Z
Jan Bürger|2007-03-10,no_ja,2026-02-05T13:50:55.744Z
Jan Olschowsky|2001-11-18,no_ja,2026-02-05T13:50:55.744Z
Jan Plug|2005-04-02,no_ja,2026-01-24T18:50:07.387Z
Jan Schöppner|1999-06-12,no_ja,2026-01-24T18:20:13.284Z
Jan Urbich|2004-06-23,no_ja,2026-01-24T18:15:59.133Z
Jan Virgili|2006-07-26,no_ja,2026-01-24T18:13:43.229Z
Jan Ziolkowski|2005-06-05,no_ja,2026-01-24T18:22:02.969Z
Jannik Robatsch|2004-12-28,no_ja,2026-01-24T18:19:23.689Z
Janpol Morales|1998-06-22,no_ja,2026-02-17T13:16:53.647Z
Jaouen Hadjam|2003-03-26,no_ja,2026-02-17T13:10:44.560Z
Jari Vandeputte|1996-02-14,no_ja,2026-01-24T18:32:15.239Z
Jasper Samooja|2003-07-21,no_ja,2026-01-24T18:34:07.453Z
Javi Llabrés|2002-09-11,notfound,2026-01-24T18:13:43.229Z
Javi Rodríguez|2003-06-27,notfound,2026-01-24T18:11:27.031Z
Javi Rueda|2002-05-08,notfound,2026-01-24T18:11:27.031Z
Jayden Adams|2001-05-05,no_ja,2026-02-17T13:07:04.220Z
Jayden Addai|2005-08-26,no_ja,2026-01-24T18:23:00.267Z
Jayden Hibbert|2004-08-05,no_ja,2026-02-17T13:13:22.117Z
JD Gunn|2000-01-21,no_ja,2026-02-17T13:16:20.979Z
Jeevan Badwal|2006-03-11,no_ja,2026-02-17T13:14:19.981Z
Jehad Thakri|2001-07-21,notfound,2026-02-16T17:29:47.673Z
Jelle Van Neck|2004-03-07,notfound,2026-01-24T18:38:27.121Z
Jenson Seelt|2003-05-23,no_ja,2026-01-24T18:19:23.689Z
Jeremiah St Juste|1996-10-19,notfound,2026-02-05T14:36:16.337Z
Jeremy Arévalo|2005-03-19,no_ja,2026-01-24T18:14:42.861Z
Jeremy Mbambi|2008-05-04,no_ja,2026-01-24T18:36:34.031Z
Jerome Opoku|1998-10-14,notfound,2026-02-17T13:12:26.992Z
Jerry Afriyie|2006-12-10,notfound,2026-02-17T13:13:22.117Z
Jessic Ngankam|2000-07-20,no_ja,2026-01-24T18:15:32.751Z
Jessy Deminguet|1998-01-07,no_ja,2026-01-24T18:49:11.479Z
Jesús Orozco Chiquete|2002-02-19,no_ja,2026-02-17T13:14:19.982Z
Jesús Rodríguez|2005-11-21,notfound,2026-01-24T18:23:00.267Z
Jhon Arias|1997-09-21,no_ja,2026-01-24T18:10:17.265Z
Ji-sung Eom|2002-05-09,no_ja,2026-02-08T15:36:03.378Z
Jim Allevinah|1995-02-27,no_ja,2026-01-24T18:42:59.117Z
Jin-seob Park|1995-10-23,notfound,2026-02-08T15:36:03.377Z
Jiovany Ramos|1997-01-26,no_ja,2026-02-17T13:16:20.979Z
Jiri Letacek|1999-01-09,no_ja,2026-01-24T18:12:31.655Z
Jizz Hornkamp|1998-03-07,no_ja,2026-02-05T14:36:16.338Z
João Gomes|2001-02-12,notfound,2026-01-24T18:10:17.265Z
João Paulo|1998-05-26,notfound,2026-02-17T13:08:00.627Z
João Rego|2005-06-20,no_ja,2026-01-24T18:54:10.467Z
João Simões|2007-01-06,notfound,2026-01-24T18:53:08.500Z
João Veloso|2005-06-26,no_ja,2026-01-24T18:54:10.467Z
Jocelin Ta Bi|2005-02-09,no_ja,2026-02-03T18:47:29.237Z
Joe Anderson|2001-02-06,notfound,2026-01-24T18:09:28.517Z
Joe White|2002-10-01,no_ja,2026-01-24T18:09:28.517Z
Joe Wollacott|1996-09-08,no_ja,2026-02-17T13:12:26.992Z
Joe Worrall|1997-01-10,no_ja,2026-01-24T18:10:17.265Z
Joel Mvuka|2002-11-12,no_ja,2026-01-24T18:45:31.186Z
Joel Roca|2005-06-07,notfound,2026-01-24T18:13:43.229Z
Joël Schmied|1998-09-23,no_ja,2026-01-24T18:15:32.752Z
Joël van den Berg|2007-02-11,no_ja,2026-01-24T18:50:07.386Z
Joeri Heerkens|2006-05-08,notfound,2026-01-24T18:51:04.256Z
John Donald|2000-09-25,notfound,2026-01-24T18:11:27.031Z
Jójó|2001-05-19,no_ja,2026-02-17T13:08:00.627Z
Jon Ander Olasagasti|2000-08-16,no_ja,2026-01-24T18:13:43.229Z
Jon Gorrotxategi|2002-02-02,notfound,2026-02-03T19:33:55.505Z
Jon Martín|2006-04-23,notfound,2026-01-24T18:12:31.655Z
Jonah Kusi-Asare|2007-07-04,no_ja,2026-01-24T18:09:28.517Z
Jonas Adjetey|2003-12-13,no_ja,2026-02-05T13:50:55.744Z
Jonathan Fischer|2001-11-09,no_ja,2026-01-24T18:49:11.479Z
Jonathan Norbye|2007-03-26,no_ja,2026-01-24T18:14:42.861Z
Jones El-Abdellaoui|2006-01-12,no_ja,2026-01-24T18:11:27.031Z
Jordan Beyer|2000-05-19,no_ja,2026-01-24T18:10:17.265Z
Jordan Lefort|1993-08-09,no_ja,2026-01-24T18:42:59.116Z
Jordan Semedo|2003-01-15,no_ja,2026-02-17T13:08:00.627Z
Jordy Makengo|2001-08-03,no_ja,2026-01-24T18:15:32.751Z
Jorge Gutiérrez|1998-09-01,notfound,2026-02-17T13:16:20.980Z
Jorge Ruvalcaba|2001-07-23,no_ja,2026-02-17T13:15:17.555Z
Jorge Sánchez|1997-12-10,notfound,2026-02-17T13:14:19.983Z
Josan|1989-12-03,notfound,2026-01-24T18:11:27.031Z
José Córdoba|2001-06-03,notfound,2026-02-17T13:16:20.979Z
José Luis Rodríguez|1998-06-19,notfound,2026-02-17T13:16:53.647Z
José Murillo|1995-02-24,notfound,2026-02-17T13:16:20.980Z
José Neto|2008-04-19,no_ja,2026-01-24T18:54:10.466Z
José Sá|1993-01-17,notfound,2026-02-03T18:47:29.236Z
José Salinas|2000-09-30,no_ja,2026-01-24T18:11:27.031Z
Joseph Anang|2000-06-08,notfound,2026-02-17T13:12:26.992Z
Joseph Liteta|2006-02-22,no_ja,2026-01-24T18:33:09.279Z
Joseph Mangondo|2005-08-06,no_ja,2026-01-24T18:50:07.386Z
Josh King|2007-01-03,notfound,2026-01-24T18:09:28.517Z
Josh Laurent|1995-05-06,no_ja,2026-01-24T18:10:17.265Z
Josko Gvardiol|2002-01-23,notfound,2026-02-03T14:28:14.285Z
Jovani Welch|1999-12-07,api_error,2026-02-17T13:16:53.646Z
Joyeux Masanka Bungi|2007-01-24,no_ja,2026-01-24T18:14:42.861Z
Jozhua Vertrouwd|2004-08-21,no_ja,2026-01-24T18:12:31.656Z
Ju-sung Kim|2000-12-12,notfound,2026-02-08T15:36:03.377Z
Juan Arizala|2005-10-10,no_ja,2026-01-24T18:30:33.075Z
Juan Carlos|1988-01-20,notfound,2026-01-24T18:13:43.229Z
Juan Cruz|1992-07-28,notfound,2026-01-24T18:12:31.655Z
Juan José Purata|1998-01-09,no_ja,2026-02-17T13:14:19.982Z
Juan Rodríguez|2005-05-30,notfound,2026-01-24T18:32:15.239Z
Jules Stawiecki|2007-04-10,notfound,2026-01-24T18:42:05.371Z
Julian Eyestone|2006-04-21,no_ja,2026-02-03T18:59:51.067Z
Julian Niehues|2001-04-17,notfound,2026-01-24T18:20:13.284Z
Julián Vignolo|2006-12-07,no_ja,2026-01-24T18:42:05.371Z
Julien Le Cardinal|1997-08-03,no_ja,2026-01-24T18:43:27.385Z
Julien Lopez|1992-03-01,no_ja,2026-01-24T18:47:21.547Z
Jun Choi|1999-04-17,no_ja,2026-02-08T15:36:03.377Z
Jun-ho Bae|2003-08-21,no_ja,2026-02-08T15:36:03.378Z
Jun-soo Byeon|2001-11-30,notfound,2026-02-08T15:36:03.377Z
Junior Ajayi|2004-10-11,no_ja,2026-01-24T18:36:34.031Z
Junior Diaz|2003-07-23,notfound,2026-01-24T18:43:27.385Z
Justin Bourgault|2005-09-14,no_ja,2026-01-24T18:43:27.385Z
Justin Devenny|2003-10-11,no_ja,2026-02-03T15:32:43.769Z
Justin Diehl|2004-11-27,notfound,2026-01-24T18:14:42.861Z
Justin Kalumba|2004-12-25,notfound,2026-01-24T18:42:59.117Z
Justin Njinmah|2000-11-15,no_ja,2026-01-24T18:15:32.752Z
Kacper Potulski|2007-10-19,no_ja,2026-01-24T18:20:13.285Z
Kader Keita|2000-11-06,no_ja,2026-02-17T13:09:52.356Z
Kader Meïté|2007-10-11,notfound,2026-01-24T18:41:12.279Z
Kahiser Lenis|2001-07-23,no_ja,2026-02-17T13:16:53.647Z
Kai Trewin|2001-05-18,no_ja,2026-02-16T17:29:06.474Z
Kamaradini Mamudu|2002-11-04,notfound,2026-02-17T13:13:22.116Z
Kamogelo Sebelebele|2002-07-21,notfound,2026-02-17T13:07:04.220Z
Kamory Doumbia|2003-02-18,notfound,2026-01-24T18:43:27.385Z
Kareem Tunde|2005-08-19,no_ja,2026-02-03T19:33:55.506Z
Karim Coulibaly|2007-05-23,no_ja,2026-01-24T18:15:32.752Z
Karim El Berkaoui|1995-03-29,notfound,2026-02-17T13:09:52.356Z
Karim El Eraki|1997-11-29,no_ja,2026-02-17T12:57:53.823Z
Karim Fouad|1999-10-01,no_ja,2026-02-17T12:57:15.226Z
Karl Hein|2002-04-13,notfound,2026-01-24T18:15:32.752Z
Kasey Bos|2004-05-08,no_ja,2026-01-24T18:20:13.285Z
Kasper Boogaard|2006-01-29,no_ja,2026-02-05T14:36:16.338Z
Kasra Taheri|2006-08-06,ambiguous,2026-02-08T15:35:10.234Z
Kauã Santos|2003-04-11,no_ja,2026-01-24T18:14:42.861Z
Kaye Furo|2007-02-06,no_ja,2026-02-03T18:59:51.067Z
Kees Smit|2006-01-20,notfound,2026-02-05T14:36:16.338Z
Kegan Johannes|2001-03-31,no_ja,2026-02-17T13:06:26.200Z
Keinan Davis|1998-02-13,no_ja,2026-01-24T18:30:33.076Z
Keke Topp|2004-03-25,notfound,2026-01-24T18:15:32.752Z
Kelven Frees|2005-02-03,no_ja,2026-01-24T18:14:42.861Z
Kelvin Nkrumah|2007-09-11,notfound,2026-02-17T13:13:22.116Z
Kelvin Pires|2000-06-05,no_ja,2026-02-17T13:08:00.627Z
Kenny Quetant|2006-07-17,no_ja,2026-02-05T14:27:47.974Z
Kevin Carlos|2001-04-10,no_ja,2026-01-24T18:47:21.547Z
Kévin Danois|2004-06-28,no_ja,2026-01-24T18:49:11.478Z
Kevin Lenini|1997-01-27,notfound,2026-02-17T13:08:00.627Z
Kevin Müller|1991-03-15,no_ja,2026-01-24T18:20:13.284Z
Kevin Van Den Kerkhof|1996-03-14,no_ja,2026-02-17T13:10:44.561Z
Kevin|2003-01-04,notfound,2026-01-24T18:09:28.517Z
Khaled Sobhi|1995-05-04,no_ja,2026-02-17T12:57:15.226Z
Khalid Aït Ouarkhane|2000-04-22,notfound,2026-02-17T13:08:57.952Z
Khalid Baba|2000-01-13,notfound,2026-02-17T13:09:52.356Z
Khalid Mohammed|2000-06-07,notfound,2026-02-16T17:29:47.672Z
Khalil Ayari|2005-02-02,no_ja,2026-02-17T13:12:26.991Z
Khalis Merah|2007-02-24,no_ja,2026-01-24T18:45:31.184Z
Khozhiakbar Alizhonov|1997-04-19,notfound,2026-02-08T15:35:10.234Z
Khozhimat Erkinov|2001-05-29,notfound,2026-02-08T15:36:03.377Z
Khuliso Mudau|1995-04-26,no_ja,2026-02-17T13:06:26.200Z
Khulumani Ndamane|2004-02-05,no_ja,2026-02-17T13:06:26.199Z
Khusniddin Alikulov|1999-04-04,notfound,2026-02-08T15:35:10.234Z
Kieron Bowie|2002-09-21,no_ja,2026-02-05T14:11:00.612Z
Kilian Fischer|2000-10-12,no_ja,2026-01-24T18:19:23.689Z
Kingsley Schindler|1993-07-12,no_ja,2026-02-17T13:13:22.116Z
Kjetil Haug|1998-06-12,no_ja,2026-01-24T18:42:05.370Z
Kojo Peprah Oppong|2004-06-04,no_ja,2026-01-24T18:46:22.872Z
Konan N’Dri|2000-10-27,no_ja,2026-01-24T18:34:07.454Z
Konstantin Schopp|2005-12-30,no_ja,2026-01-24T18:20:13.285Z
Konstantinos Koulierakis|2003-11-28,notfound,2026-01-24T18:19:23.689Z
Kopano Thuntsane|1999-10-30,no_ja,2026-02-17T13:06:26.199Z
Kristoffer Lund|2002-05-14,no_ja,2026-01-24T18:15:32.752Z
Kwame Opoku|1999-05-08,no_ja,2026-02-17T13:13:22.117Z
Kwanda Mngonyama|1993-09-25,no_ja,2026-02-17T13:06:26.200Z
Kwasi Sibo|1998-06-24,no_ja,2026-01-24T18:13:43.229Z
Kylian Mbappé|1998-12-20,ambiguous,2026-02-03T19:33:55.506Z
Kyllian Antonio|2008-01-04,no_ja,2026-01-24T18:37:28.890Z
Kyung-won Kwon|1992-01-31,notfound,2026-02-08T15:36:03.377Z
Lahlou Akhrib|2005-04-24,no_ja,2026-02-17T13:11:34.535Z
Lamine Gueye|1998-03-13,no_ja,2026-01-24T18:47:21.547Z
Lamine Sy|2002-08-10,notfound,2026-01-24T18:48:17.263Z
Lanroy Machine|2005-10-13,no_ja,2026-01-24T18:42:59.117Z
Lapo Siviero|2006-11-23,no_ja,2026-02-05T14:11:00.612Z
Lars Olden Larsen|1998-09-17,no_ja,2026-01-24T18:52:46.269Z
Lass Kourouma|2004-03-30,no_ja,2026-01-24T18:13:43.229Z
Lasse Rieß|2001-07-27,no_ja,2026-01-24T18:20:13.285Z
Lassine Diarra|2002-11-11,no_ja,2026-01-24T18:40:19.186Z
Lassine Sinayoko|1999-12-08,no_ja,2026-01-24T18:49:11.479Z
Lasso Coulibaly|2002-10-19,no_ja,2026-01-24T18:49:11.479Z
Laurs Skjellerup|2002-08-12,no_ja,2026-01-24T18:31:20.213Z
Lawrence Agyekum|2003-11-23,no_ja,2026-02-17T13:13:22.116Z
Layousse Samb|2000-10-25,no_ja,2026-02-17T12:58:18.112Z
Leart Paçarada|1994-10-08,no_ja,2026-01-24T18:20:13.284Z
Lennard Maloney|1999-10-08,no_ja,2026-01-24T18:20:13.285Z
Léo Pétrot|1997-04-15,notfound,2026-01-24T18:11:27.031Z
Leon Avdullahu|2004-02-23,no_ja,2026-01-24T18:14:42.861Z
Leon Klanac|2007-03-01,no_ja,2026-01-24T18:13:43.229Z
Leopold Zingerle|1994-04-10,no_ja,2026-01-24T18:14:42.861Z
Liam Bossin|1996-07-15,no_ja,2026-01-24T18:50:07.387Z
Libasse Gueye|2003-07-05,notfound,2026-02-17T13:06:26.198Z
Lilian Brassier|1999-11-02,no_ja,2026-01-24T18:40:19.186Z
Lilian Raolisoa|2000-06-16,no_ja,2026-01-24T18:42:59.116Z
Lionel Mpasi-Nzau|1994-08-01,no_ja,2026-01-24T18:45:31.186Z
Livan Burcu|2004-09-28,no_ja,2026-01-24T18:15:32.751Z
Lohann Doucet|2002-09-14,no_ja,2026-01-24T18:47:21.547Z
Lorenzo Bernasconi|2003-11-16,no_ja,2026-01-24T18:23:57.085Z
Lorenzo Venturino|2006-06-22,no_ja,2026-01-24T18:35:09.433Z
Louis Lemke|2009-10-08,no_ja,2026-02-05T13:50:55.744Z
Louis Mezerette|2006-08-30,notfound,2026-01-24T18:48:17.263Z
Louis Mouton|2002-06-03,no_ja,2026-01-24T18:42:59.117Z
Louis Oppie|2002-05-17,no_ja,2026-01-24T18:19:23.689Z
Love Arrhov|2008-05-17,no_ja,2026-01-24T18:15:32.751Z
Luc De Fougerolles|2005-10-12,no_ja,2026-02-17T13:13:22.117Z
Luc Nieuwenhuijs|2007-03-01,no_ja,2026-01-24T18:52:46.268Z
Luca Jaquez|2003-06-02,no_ja,2026-01-24T18:14:42.861Z
Luca Kerber|2002-03-10,no_ja,2026-01-24T18:20:13.284Z
Luca Kilian|1999-09-01,no_ja,2026-01-24T18:15:32.752Z
Luca Mazzitelli|1995-11-15,no_ja,2026-01-24T18:33:09.279Z
Luca Moro|2001-01-25,no_ja,2026-01-24T18:31:20.213Z
Luca Pellegrini|1999-03-07,notfound,2026-01-24T18:24:50.874Z
Luca Philipp|2000-11-28,no_ja,2026-01-24T18:14:42.861Z
Lucas Ahijado|1995-01-30,no_ja,2026-01-24T18:13:43.229Z
Lucas Cepeda|2002-10-31,no_ja,2026-02-03T19:33:55.503Z
Lucas Da Cunha|2001-06-09,notfound,2026-01-24T18:23:00.266Z
Lucas Høgsberg|2006-06-23,no_ja,2026-01-24T18:41:12.279Z
Lucas Michal|2005-06-22,no_ja,2026-01-24T18:42:59.116Z
Luciano Juba|1999-08-29,no_ja,2026-02-17T16:37:22.181Z
Luck Zogbé|2005-03-24,no_ja,2026-01-24T18:43:27.385Z
Luis Balbo|2006-03-28,no_ja,2026-02-05T14:11:00.613Z
Luis Engelns|2007-03-11,no_ja,2026-02-05T13:50:55.743Z
Luis Malagón|1997-03-02,no_ja,2026-02-17T13:14:19.982Z
Luis Vázquez|2001-04-24,notfound,2026-02-03T19:33:55.505Z
Luiz Felipe|1997-03-22,notfound,2026-01-24T18:12:31.656Z
Luiz Júnior|2001-01-14,no_ja,2026-01-24T18:10:17.265Z
Luka Duric|2003-06-18,no_ja,2026-01-24T18:14:42.861Z
Luka Gavran|2000-05-09,no_ja,2026-02-17T13:13:22.117Z
Lúkas Petersson|2004-02-09,no_ja,2026-01-24T18:14:42.861Z
Lukas Ullrich|2004-03-16,no_ja,2026-01-24T18:15:59.133Z
Luke Harris|2005-03-04,notfound,2026-01-24T18:09:28.517Z
Luke McCowan|1997-12-09,no_ja,2026-02-07T15:10:28.000Z
Luke O'Nien|1994-11-21,no_ja,2026-01-24T18:09:28.517Z
Lyle Foster|2000-09-03,notfound,2026-01-24T18:10:17.265Z
Mahamadou Nagida|2005-06-28,no_ja,2026-01-24T18:41:12.278Z
Maher Carrizo|2006-02-19,no_ja,2026-02-05T14:36:16.337Z
Mahmoud Abunada|2000-02-05,notfound,2026-02-16T17:29:06.474Z
Mahmoud Bentayg|1999-10-30,no_ja,2026-02-17T13:08:57.952Z
Mahmoud El Wensh|1995-06-01,notfound,2026-02-17T12:57:15.226Z
Mahmoud Ghorbel|2003-12-31,no_ja,2026-02-17T13:12:26.991Z
Mahmoud Saber|2001-07-30,no_ja,2026-02-17T12:57:53.823Z
Mahmut Kücüksahin|2004-04-07,no_ja,2026-01-24T18:19:23.689Z
Majid Aliyari|1996-03-02,no_ja,2026-02-08T15:35:10.234Z
Malcolm Jeng|2005-03-09,no_ja,2026-01-24T18:50:07.387Z
Malek El Mala|2005-04-02,no_ja,2026-01-24T18:15:59.133Z
Malek Shalabiya|1988-02-20,no_ja,2026-02-08T15:36:35.366Z
Malibongwe Khoza|2004-03-16,notfound,2026-02-17T13:06:26.199Z
Malick Mbaye|2004-04-06,no_ja,2026-01-24T18:49:11.479Z
Malick Sembène|2001-11-03,notfound,2026-02-17T12:58:18.112Z
Mama Baldé|1995-11-06,notfound,2026-01-24T18:45:31.185Z
Mamadou Coulibaly|2004-04-21,notfound,2026-01-24T18:42:59.116Z
Mamadou Sangaré|2002-06-26,notfound,2026-01-24T18:37:28.890Z
Mannou Berger|2004-10-15,ambiguous,2026-02-05T14:36:16.337Z
Manu Bueno|2004-07-27,no_ja,2026-01-24T18:12:31.655Z
Manu Fernández|2001-04-23,no_ja,2026-01-24T18:11:27.031Z
Manu Silva|2001-06-12,no_ja,2026-01-24T18:54:10.467Z
Marc Aguado|2000-02-22,no_ja,2026-01-24T18:11:27.031Z
Marc Diouf|1998-11-20,notfound,2026-02-17T12:57:53.823Z
Marc Pubill|2003-06-20,notfound,2026-01-24T18:10:17.265Z
Marc Vidal|2000-02-14,notfound,2026-01-24T18:11:27.031Z
Marcel Ruiz|2000-10-26,no_ja,2026-02-17T13:14:19.984Z
Márcio Rosa|1997-02-23,no_ja,2026-02-17T13:07:04.220Z
Marco Palestra|2005-03-03,no_ja,2026-01-24T18:32:15.239Z
Marcos De León|1998-01-20,notfound,2026-02-17T13:16:20.979Z
Mariano Troilo|2003-06-28,notfound,2026-01-24T18:33:09.279Z
Mario Dorgeles|2004-08-07,no_ja,2026-02-17T13:09:52.356Z
Mario Martín|2004-03-05,no_ja,2026-01-24T18:12:31.655Z
Mario Sauer|2004-05-15,no_ja,2026-01-24T18:45:31.185Z
Marius Broholm|2004-12-26,no_ja,2026-01-24T18:40:19.186Z
Marius Bülter|1993-03-29,no_ja,2026-01-24T18:15:59.133Z
Marius Courcoul|2007-01-01,no_ja,2026-01-24T18:42:59.116Z
Marius Louër|2007-03-11,no_ja,2026-01-24T18:42:59.116Z
Marius Marin|1998-08-30,no_ja,2026-01-24T18:36:34.031Z
Marius Müller|1993-07-12,no_ja,2026-01-24T18:19:23.689Z
Mark Gillespie|1992-03-27,no_ja,2026-01-24T18:09:28.516Z
Marnon Busch|1994-12-08,no_ja,2026-01-24T18:20:13.284Z
Maroan Sannadi|2001-02-01,no_ja,2026-01-24T18:11:27.031Z
Marouane Louadni|1995-01-01,no_ja,2026-02-17T13:08:57.952Z
Marouane Sahraoui|1996-01-09,no_ja,2026-02-17T13:11:34.536Z
Martial Godo|2003-03-14,no_ja,2026-01-24T18:41:12.280Z
Martijn Kaars|1999-03-05,no_ja,2026-01-24T18:19:23.689Z
Martim Fernandes|2006-01-18,no_ja,2026-01-24T18:52:46.269Z
Martim Neto|2003-01-14,no_ja,2026-01-24T18:11:27.031Z
Martín Krug|2006-07-09,no_ja,2026-02-17T13:16:20.979Z
Marvin Pieringer|1999-10-04,no_ja,2026-01-24T18:20:13.285Z
Marvin Senaya|2001-01-28,no_ja,2026-01-24T18:48:17.263Z
Marwan Al-Sahafi|2004-02-17,no_ja,2026-02-17T12:57:15.225Z
Marwan Ateya|1998-08-12,no_ja,2026-02-17T12:57:53.823Z
Marwan Otaka|2002-07-07,notfound,2026-02-17T12:57:53.823Z
Marwane Saadane|1992-01-17,no_ja,2026-02-17T13:08:57.952Z
Marwin Schmitz|2007-01-07,no_ja,2026-01-24T18:19:23.689Z
Massimo Pessina|2007-12-25,no_ja,2026-01-24T18:23:57.085Z
Matai Akinmboni|2006-10-17,no_ja,2026-01-24T18:10:17.264Z
Matej Sin|2004-06-02,no_ja,2026-02-05T14:36:16.338Z
Mateo Chávez|2004-05-12,notfound,2026-02-05T14:36:16.338Z
Mateus Lusuardi|2004-01-08,no_ja,2026-01-24T18:36:34.031Z
Matheus Reis|1995-02-18,no_ja,2026-01-24T18:53:08.500Z
Mathias Ferrante|2006-09-01,no_ja,2026-01-24T18:21:07.324Z
Mathias Honsak|1996-12-20,no_ja,2026-01-24T18:20:13.284Z
Mathias Løvik|2003-12-06,no_ja,2026-01-24T18:33:09.279Z
Mathias Pereira Lage|1996-11-30,no_ja,2026-01-24T18:19:23.689Z
Mathias Rasmussen|1997-11-25,no_ja,2026-02-05T13:50:55.743Z
Mathieu Gorgelin|1990-08-05,no_ja,2026-02-05T14:27:47.972Z
Mathis Amougou|2006-01-18,no_ja,2026-01-24T18:41:12.279Z
Mathys Angély|2007-04-21,notfound,2026-01-24T18:19:23.689Z
Mathys De Carvalho|2005-05-01,no_ja,2026-01-24T18:40:19.186Z
Mathys Silistrie|2005-09-16,notfound,2026-01-24T18:40:19.186Z
Matías Fernández-Pardo|2005-02-03,no_ja,2026-01-24T18:39:23.235Z
Matías Moreno|2003-09-24,no_ja,2026-01-24T18:13:43.229Z
Matías Pérez|2005-04-13,no_ja,2026-01-24T18:34:07.453Z
Matt Freese|1998-09-02,no_ja,2026-02-17T13:15:17.555Z
Matteo de Brienne|2002-05-22,no_ja,2026-02-17T13:13:22.117Z
Matteo Palma|2008-03-13,no_ja,2026-01-24T18:25:16.503Z
Matteo Tramoni|2000-01-20,no_ja,2026-01-24T18:37:28.888Z
Matthew Cox|2003-05-02,no_ja,2026-01-24T18:09:28.516Z
Matthias Köbbing|1997-05-28,no_ja,2026-01-24T18:15:32.752Z
Matthieu Udol|1996-03-20,no_ja,2026-01-24T18:37:28.890Z
Mattia Chiesa|2000-07-16,no_ja,2026-01-24T18:36:04.295Z
Mattia Felici|2001-04-17,no_ja,2026-01-24T18:33:09.279Z
Mauro Vigorito|1990-05-22,no_ja,2026-01-24T18:23:00.266Z
Max Arfsten|2001-04-19,no_ja,2026-02-17T13:16:20.979Z
Max Balard|2000-11-20,no_ja,2026-02-16T17:29:06.474Z
Max Finkgräfe|2004-03-27,no_ja,2026-01-24T18:14:42.861Z
Max Moerstedt|2006-01-15,no_ja,2026-01-24T18:14:42.861Z
Max Rosenfelder|2003-02-10,no_ja,2026-01-24T18:15:32.751Z
Maxi Araújo|2000-02-15,notfound,2026-01-24T18:53:08.500Z
Maxi Oyedele|2004-11-07,no_ja,2026-01-24T18:41:12.279Z
Maxim Dal|2006-01-26,no_ja,2026-01-24T18:20:13.285Z
Maximilian Ibrahimović|2006-09-22,no_ja,2026-02-05T14:36:16.336Z
Mbaye Ndiaye|2003-03-21,notfound,2026-02-17T12:58:18.112Z
Mbaye Yaya Ly|2002-08-15,notfound,2026-02-17T12:58:18.112Z
Mbekezeli Mbokazi|2005-09-19,no_ja,2026-02-17T13:06:26.199Z
Medon Berisha|2003-10-21,no_ja,2026-01-24T18:34:07.453Z
Mehdi Boudjemaa|1998-04-07,no_ja,2026-02-17T13:10:44.561Z
Mehdi Dorval|2001-02-09,no_ja,2026-02-17T13:10:44.560Z
Mehdi Hashemnejad|2001-10-27,notfound,2026-02-08T15:35:10.234Z
Mehdi Léris|1998-05-23,no_ja,2026-01-24T18:37:28.889Z
Mehdi Mchakhchekh|2004-02-23,notfound,2026-02-17T13:08:57.952Z
Mehdi Merghem|1997-07-19,no_ja,2026-02-17T13:11:34.535Z
Mehdi Tikdari|1996-06-13,notfound,2026-02-08T15:35:10.234Z
Mehran Ahmadi|1997-12-26,no_ja,2026-02-08T15:35:10.234Z
Melker Ellborg|2003-05-22,no_ja,2026-02-03T18:47:29.236Z
Melvin Zinga|2002-03-16,no_ja,2026-01-24T18:42:59.116Z
Menzi Masuku|1993-04-15,no_ja,2026-02-17T13:07:04.220Z
Merlin Röhl|2002-07-05,notfound,2026-01-24T18:09:28.517Z
Mert Kömür|2005-07-17,no_ja,2026-01-24T18:19:23.689Z
Messala Merbah|1994-07-22,no_ja,2026-02-17T13:10:44.561Z
Michel Mboula|2003-04-30,notfound,2026-01-24T18:49:11.479Z
Michele Collocolo|1999-11-08,no_ja,2026-01-24T18:32:15.239Z
Mick Schmetgens|2007-09-09,no_ja,2026-01-24T18:15:32.752Z
Mido Gaber|1992-09-22,notfound,2026-02-17T12:57:53.823Z
Miguel Román|2002-12-26,no_ja,2026-01-24T18:11:27.031Z
Miguel Rubio|1998-03-11,notfound,2026-01-24T18:11:27.031Z
Mikel Goti|2002-05-23,no_ja,2026-01-24T18:12:31.655Z
Min-kyu Joo|1990-04-13,notfound,2026-02-08T15:36:03.378Z
Min-woo Seo|1998-03-12,notfound,2026-02-08T15:36:03.377Z
Moctar Koïta|1996-02-01,notfound,2026-02-17T13:06:26.197Z
Moez Haj Ali|1999-08-09,notfound,2026-02-17T13:12:26.991Z
Mohamed Abdelmonem|1999-02-01,no_ja,2026-01-24T18:46:22.872Z
Mohamed Aiash|2001-02-27,notfound,2026-02-16T17:29:47.672Z
Mohamed Al-Mannai|2003-10-30,notfound,2026-02-16T17:29:47.672Z
Mohamed Al-Naser|1997-03-23,notfound,2026-02-16T17:29:06.473Z
Mohamed Amine Ben Hamida|1995-12-15,no_ja,2026-02-17T13:12:26.991Z
Mohamed Amine Madani|1993-03-20,no_ja,2026-02-17T13:10:44.560Z
Mohamed Awad|1992-07-06,no_ja,2026-02-17T12:57:15.226Z
Mohamed Bamba|2001-12-10,no_ja,2026-01-24T18:45:31.186Z
Mohamed Bassam|1990-12-25,no_ja,2026-02-17T12:57:15.226Z
Mohamed Belhadj Mahmoud|2000-04-24,no_ja,2026-02-17T13:12:26.991Z
Mohamed Ben Ali|1995-02-16,no_ja,2026-02-17T13:12:26.991Z
Mohamed Boulacsout|1998-09-23,no_ja,2026-02-17T13:08:57.952Z
Mohamed Farsi|1999-12-16,no_ja,2026-02-17T13:11:34.534Z
Mohamed Hamdi|1995-03-15,notfound,2026-02-17T12:57:15.226Z
Mohamed Hany|1996-01-25,no_ja,2026-02-17T12:57:53.822Z
Mohamed Idir Hadid|2002-06-24,notfound,2026-02-17T13:10:44.560Z
Mohamed Ismail|1999-08-01,notfound,2026-02-17T12:57:15.226Z
Mohamed Kaba|2001-10-27,no_ja,2026-01-24T18:34:07.454Z
Mohamed Khaled Gouda|2005-01-26,no_ja,2026-02-16T17:29:47.672Z
Mohamed Koné|2002-03-07,no_ja,2026-02-17T13:09:52.356Z
Mohamed Mosaad|2001-09-14,notfound,2026-02-17T12:57:53.823Z
Mohamed Moufid|2000-01-12,no_ja,2026-02-17T13:08:57.952Z
Mohamed Rabia|1996-05-05,notfound,2026-02-17T12:57:15.226Z
Mohamed Rabie Hrimat|1994-08-07,no_ja,2026-02-17T13:08:57.952Z
Mohamed Rayane Anane|2006-08-15,notfound,2026-02-17T13:12:26.991Z
Mohamed Réda Halaïmia|1996-08-28,no_ja,2026-02-17T13:10:44.561Z
Mohamed Shehata|2001-02-08,notfound,2026-02-17T12:57:53.823Z
Mohamed Sobhi|1999-07-15,no_ja,2026-02-17T12:57:15.226Z
Mohamed Surag|2003-04-21,no_ja,2026-02-16T17:29:47.672Z
Mohammad Abu Hasheesh|1995-05-09,no_ja,2026-02-08T15:36:35.366Z
Mohammad Abualnadi|2001-02-08,notfound,2026-02-08T15:36:35.366Z
Mohammad Al-Dawoud|1992-12-04,notfound,2026-02-16T17:29:06.473Z
Mohammad Ghorbani|2001-05-21,notfound,2026-02-08T15:35:10.234Z
Mohammad Khalifeh|2004-08-19,notfound,2026-02-08T15:35:10.233Z
Mohammad Khodabandelou|1999-09-07,no_ja,2026-02-08T15:35:10.234Z
Mohammad Omri|2000-03-12,notfound,2026-02-08T15:35:10.234Z
Mohammadamin Hazbavi|2003-05-06,notfound,2026-02-08T15:35:10.234Z
Mohammadjavad Hosseinnejad|2003-06-26,notfound,2026-02-08T15:35:10.234Z
Mohammadmehdi Mohebi|2000-02-11,notfound,2026-02-08T15:35:10.234Z
Mohammadmehdi Zare|2003-01-25,no_ja,2026-02-08T15:35:10.234Z
Mohammadreza Akhbari|1993-02-15,no_ja,2026-02-08T15:35:10.234Z
Mohammed Abu Al-Shamat|2002-08-11,no_ja,2026-02-16T17:30:18.529Z
Mohammed Al-Emwase|1996-08-08,notfound,2026-02-08T15:36:35.366Z
Mohammed Fuseini|2002-05-16,no_ja,2026-02-17T13:13:22.117Z
Mohammed Sulaiman|2004-04-08,no_ja,2026-02-16T17:30:18.529Z
Mohanad Lasheen|1996-05-29,notfound,2026-02-17T12:57:53.823Z
Mohannad Abu Taha|2003-02-02,no_ja,2026-02-08T15:36:35.366Z
Mohannad Semreen|2002-01-08,no_ja,2026-02-16T17:29:06.473Z
Mohau Nkota|2004-11-09,no_ja,2026-02-17T13:07:04.220Z
Moïse Bombito|2000-03-30,no_ja,2026-01-24T18:46:22.872Z
Momelezi Dlambewu|2004-01-01,notfound,2026-02-17T13:07:04.219Z
Monsef Bakrar|2001-01-13,no_ja,2026-02-17T13:11:34.535Z
Montrell Culbreath|2007-08-29,no_ja,2026-01-24T18:14:42.861Z
Morgan Bokele|2004-03-13,no_ja,2026-01-24T18:49:11.479Z
Morgan Guilavogui|1998-03-10,no_ja,2026-01-24T18:38:27.120Z
Moritz Jenz|1999-04-30,no_ja,2026-01-24T18:19:23.689Z
Moritz Nicolas|1997-10-21,no_ja,2026-01-24T18:15:59.133Z
Mortadha Ben Ouanes|1994-07-02,no_ja,2026-02-17T13:12:26.991Z
Mory Gbane|2000-12-25,no_ja,2026-02-17T13:09:52.356Z
Mostafa Fathi|1994-05-12,notfound,2026-02-17T12:57:53.823Z
Mostafa Saad|2001-08-22,no_ja,2026-02-17T12:57:53.823Z
Moteb Al-Harbi|2000-02-19,no_ja,2026-02-16T17:30:18.529Z
Mounir Chouiar|1999-01-23,no_ja,2026-02-17T13:08:57.952Z
Mousa Tamari|1997-06-10,notfound,2026-01-24T18:41:12.278Z
Moussa Cissé|2009-04-20,no_ja,2026-02-17T12:58:18.112Z
Moustapha Mbow|2000-03-08,no_ja,2026-01-24T18:47:21.547Z
Moutaz Neffati|2004-09-04,no_ja,2026-02-17T13:12:26.991Z
Muhanad Al-Saad|2003-06-29,notfound,2026-02-17T12:57:15.226Z
Muhannad Shanqeeti|1999-03-12,notfound,2026-02-16T17:30:18.529Z
Mukhammadkodir Khamraliev|2001-07-06,no_ja,2026-02-08T15:35:10.234Z
Murad Al-Hawsawi|2001-06-03,no_ja,2026-02-17T12:57:15.225Z
Murillo|2002-07-04,notfound,2026-02-03T18:59:51.066Z
Mustafa Mashaal|2001-03-28,notfound,2026-02-16T17:29:47.672Z
Myeong-kwan Seo|2002-11-23,notfound,2026-02-08T15:36:03.377Z
Myung-jae Lee|1993-11-04,notfound,2026-02-08T15:36:03.377Z
Nabil Dunga|1996-04-06,no_ja,2026-02-17T12:57:53.823Z
Nabil Irfan|2004-02-07,no_ja,2026-02-16T17:29:47.672Z
Nacim Dendani|2006-04-30,no_ja,2026-02-17T13:12:26.991Z
Naoufel Khacef|1997-10-27,no_ja,2026-02-17T13:10:44.561Z
Natan|2001-02-06,notfound,2026-01-24T18:11:27.031Z
Nathan Buayi-Kiala|2004-02-29,no_ja,2026-01-24T18:49:11.478Z
Nathan Fraser|2005-02-22,no_ja,2026-01-24T18:10:17.265Z
Nathan Harriel|2001-04-23,no_ja,2026-02-17T13:15:17.556Z
Nathan Ngoy|2003-06-10,no_ja,2026-01-24T18:39:23.235Z
Nathan-Dylan Saliba|2004-02-07,api_error,2026-02-17T13:14:19.981Z
Nathaniel Adjei|2002-08-21,no_ja,2026-01-24T18:45:31.185Z
Nathaniel Brown|2003-06-16,notfound,2026-01-24T18:15:32.751Z
Nawaf Boushal|1999-09-16,no_ja,2026-02-16T17:30:18.529Z
Ndabayithethwa Ndlondlo|1995-05-28,notfound,2026-02-17T13:07:04.219Z
Ndamulelo Maphangule|1999-10-22,no_ja,2026-02-17T13:07:04.219Z
Nelson Deossa|2000-02-06,no_ja,2026-01-24T18:11:27.031Z
Neo Maema|1995-12-01,no_ja,2026-02-17T13:07:04.220Z
Nesta Elphege|2001-01-09,no_ja,2026-02-05T14:11:00.613Z
Nhoa Sangui|2006-02-27,no_ja,2026-01-24T18:47:21.547Z
Niccolò Fortini|2006-02-13,no_ja,2026-01-24T18:35:09.433Z
Nicholas Pierini|1998-08-06,no_ja,2026-01-24T18:31:20.213Z
Nick D'Agostino|1998-02-25,notfound,2026-02-16T17:29:06.474Z
Nick Rothweiler|2006-06-16,no_ja,2026-01-24T18:20:13.284Z
Nick Schmidt|2007-09-12,no_ja,2026-01-24T18:19:23.689Z
Nicola Pintus|2005-05-25,no_ja,2026-01-24T18:32:15.239Z
Nicolai Remberg|2000-06-19,no_ja,2026-01-24T18:19:23.689Z
Nicolás Capaldo|1998-09-14,notfound,2026-01-24T18:19:23.689Z
Nicolas Milanovic|2001-11-14,no_ja,2026-02-16T17:29:06.474Z
Nicolas Trabucchi|2007-08-17,no_ja,2026-01-24T18:33:09.279Z
Nicolás Valentini|2001-04-06,no_ja,2026-01-24T18:36:04.295Z
Nícolas|1988-04-12,notfound,2026-01-24T18:36:34.031Z
Nicolò Bertola|2003-03-23,no_ja,2026-01-24T18:25:16.503Z
Nicolò Cavuoti|2003-04-04,no_ja,2026-01-24T18:33:09.279Z
Niek Schiks|2004-02-03,no_ja,2026-01-24T18:50:07.386Z
Niels Nkounkou|2000-11-01,ambiguous,2026-01-24T18:31:20.213Z
Nikita Contini|1996-05-21,no_ja,2026-01-24T18:21:07.324Z
Niklas Schmidt|1998-03-01,no_ja,2026-01-24T18:42:05.371Z
Niklas Swider|2007-01-05,no_ja,2026-01-24T18:15:59.133Z
Niklas Tauer|2001-02-17,no_ja,2026-01-24T18:20:13.285Z
Niko Kovač|2005-04-08,notfound,2026-01-24T18:34:07.454Z
Nikola Cavlina|2002-06-02,no_ja,2026-01-24T18:23:00.266Z
Nikolas Veratschnig|2003-01-24,no_ja,2026-01-24T18:20:13.285Z
Nils Zätterström|2005-03-29,no_ja,2026-02-05T14:11:00.612Z
Nishan Velupillay|2001-05-07,no_ja,2026-02-16T17:29:06.474Z
Nizar Al-Rashdan|1999-03-23,no_ja,2026-02-16T17:29:06.471Z
Nkosinathi Sibisi|1995-09-22,notfound,2026-02-17T13:06:26.199Z
Noah Abatneh|2004-09-28,no_ja,2026-02-17T13:13:22.117Z
Noah Atubolu|2002-05-25,notfound,2026-01-24T18:15:32.751Z
Noah Botic|2002-01-11,no_ja,2026-02-16T17:29:06.474Z
Noah Cadiou|1998-10-26,no_ja,2026-01-24T18:45:31.186Z
Noah Edjouma|2005-10-04,no_ja,2026-01-24T18:42:05.371Z
Noah Fenyö|2006-01-30,no_ja,2026-01-24T18:15:32.751Z
Noah Fernandez|2008-01-09,no_ja,2026-01-24T18:50:07.386Z
Noah Jauny|2004-08-26,no_ja,2026-01-24T18:43:27.385Z
Noah Nartey|2005-10-05,no_ja,2026-02-05T14:27:47.973Z
Noahkai Banks|2006-12-01,no_ja,2026-01-24T18:19:23.689Z
Noam Obougou|2006-03-15,no_ja,2026-02-05T14:27:47.974Z
Nobel Mendy|2004-09-03,notfound,2026-01-24T18:12:31.656Z
Noé Lebreton|2004-04-22,no_ja,2026-01-24T18:51:30.738Z
Noel Törnqvist|2002-02-01,no_ja,2026-01-24T18:23:00.266Z
Noham Kamara|2007-01-22,no_ja,2026-01-24T18:38:27.120Z
Noor Al-Rawabdeh|1997-02-24,no_ja,2026-02-16T17:29:06.472Z
Nordan Mukiele|2006-02-12,notfound,2026-01-24T18:41:12.278Z
Noureddin Bani Attiah|1993-01-25,notfound,2026-02-08T15:36:35.366Z
Noureddine Farhati|2000-09-14,notfound,2026-02-17T13:11:34.536Z
Ntando Nkosi|2004-04-30,no_ja,2026-02-17T13:07:04.219Z
Nyiko Mobbie|1994-09-11,no_ja,2026-02-17T13:06:26.200Z
Odeh Fakhouri|2005-11-20,notfound,2026-02-16T17:29:06.473Z
Odildzhon Khamrobekov|1996-02-13,notfound,2026-02-08T15:35:10.234Z
Oier Luengo|1997-11-11,no_ja,2026-01-24T18:13:43.229Z
Oladapo Afolayan|1997-09-11,notfound,2026-01-24T18:19:23.689Z
Oliver Scarles|2005-12-12,no_ja,2026-01-24T18:10:17.265Z
Oliver Sørensen|2002-03-10,no_ja,2026-01-24T18:33:09.279Z
Oliver Sorg|2007-07-31,no_ja,2026-01-24T18:19:23.689Z
Omar Browne|1994-05-03,no_ja,2026-02-17T13:16:53.647Z
Omar El Hilali|2003-09-12,notfound,2026-01-24T18:11:27.031Z
Omar Traoré|1998-02-04,notfound,2026-01-24T18:20:13.284Z
Omar Valencia|2004-06-08,no_ja,2026-02-17T13:16:20.979Z
Omari Hutchinson|2003-10-30,notfound,2026-01-24T18:10:17.265Z
Omri Gandelman|2000-05-16,no_ja,2026-01-24T18:34:07.454Z
Oriol Rey|1998-02-25,no_ja,2026-01-24T18:13:43.229Z
Orlando Mosquera|1994-12-25,no_ja,2026-02-17T13:16:20.979Z
Orman Davis|2002-12-25,no_ja,2026-02-17T13:16:20.979Z
Osama Al-Mermesh|2003-07-06,notfound,2026-02-16T17:29:47.672Z
Osama Faisal|2001-01-01,no_ja,2026-02-17T12:57:53.823Z
Oskar Pietuszewski|2008-05-20,no_ja,2026-01-24T18:53:08.499Z
Oso|2003-07-09,notfound,2026-01-24T18:12:31.655Z
Oston Urunov|2000-12-19,no_ja,2026-02-08T15:36:03.377Z
Oswin Appollis|2001-08-25,no_ja,2026-02-17T13:07:04.220Z
Otávio|2002-04-21,notfound,2026-01-24T18:47:21.547Z
Otto Stange|2007-02-09,no_ja,2026-02-05T13:50:55.744Z
Oufa Shobeir|2000-03-17,notfound,2026-02-17T12:57:15.226Z
Oumar Ba|2003-08-24,notfound,2026-02-17T13:06:26.198Z
Oumar Ngom|2004-03-09,no_ja,2026-02-05T14:11:00.614Z
Oumar Pona|2006-06-21,notfound,2026-01-24T18:42:59.116Z
Ousmane Ba|2002-06-06,no_ja,2026-01-24T18:49:11.479Z
Ousmane Camara|2003-03-06,no_ja,2026-01-24T18:42:59.116Z
Ousmane Touré|2005-02-18,no_ja,2026-01-24T18:39:23.235Z
Oussama Benbout|1994-10-11,no_ja,2026-02-17T13:09:52.356Z
Oussama Lamlioui|1996-01-02,no_ja,2026-02-17T13:09:52.356Z
Ousseynou Fall Seck|2007-06-22,no_ja,2026-02-17T12:58:18.112Z
Owen Goodman|2003-11-27,no_ja,2026-02-17T13:13:22.117Z
Pablo García|2006-06-13,notfound,2026-01-24T18:11:27.031Z
Pablo Martínez|1998-02-22,notfound,2026-01-24T18:13:43.229Z
Pablo|2004-01-02,notfound,2026-01-24T18:10:17.265Z
Paco Cortés|2007-08-11,no_ja,2026-01-24T18:13:43.229Z
Pacôme Zouzoua|1997-04-30,no_ja,2026-02-17T13:09:52.356Z
Panos Katseris|2001-07-05,no_ja,2026-01-24T18:45:31.186Z
Pape Abasse Badji|2003-12-27,notfound,2026-02-17T12:58:18.112Z
Pape Demba Diop|2003-09-04,no_ja,2026-01-24T18:42:05.370Z
Pape Sy|1997-05-02,notfound,2026-01-24T18:49:11.479Z
Parfait Guiagon|2001-02-22,no_ja,2026-02-17T13:09:52.356Z
Pathé Mboup|2003-10-19,notfound,2026-01-24T18:43:27.385Z
Patric|1993-04-17,notfound,2026-01-24T18:24:50.874Z
Patrice Covic|2007-06-25,no_ja,2026-01-24T18:15:32.752Z
Patrick Agyemang|2000-11-07,no_ja,2026-02-17T13:16:20.979Z
Patrick Beach|2003-08-06,no_ja,2026-02-16T17:29:06.474Z
Patrick Mainka|1994-11-06,no_ja,2026-01-24T18:20:13.284Z
Patrick Maswanganyi|1998-04-04,no_ja,2026-02-17T13:07:04.220Z
Patrick Osterhage|2000-02-01,no_ja,2026-01-24T18:15:32.752Z
Patrick Schulte|2001-03-13,no_ja,2026-02-17T13:15:17.555Z
Patrick Yazbek|2002-04-05,no_ja,2026-02-16T17:29:06.474Z
Patrizio Masini|2001-01-27,no_ja,2026-01-24T18:35:09.433Z
Pau Cabanes|2005-02-17,no_ja,2026-01-24T18:10:17.265Z
Pau Navarro|2005-04-25,no_ja,2026-01-24T18:10:17.265Z
Paul Argney|2006-05-23,no_ja,2026-01-24T18:45:31.186Z
Paul Izzo|1995-01-06,no_ja,2026-02-16T17:29:06.474Z
Paul Okon-Engstler|2005-01-24,no_ja,2026-02-16T17:29:06.474Z
Paul Reverson|2005-06-20,no_ja,2026-01-24T18:51:04.256Z
Paul Tschernuth|2002-01-20,no_ja,2026-01-24T18:20:13.284Z
Paulo Bernardo|2002-01-24,no_ja,2026-02-07T15:10:28.000Z
Paulo Henrique|1996-07-25,notfound,2026-02-17T16:37:22.182Z
Pavel Sulc|2000-12-29,no_ja,2026-01-24T18:40:19.186Z
Pedro Díaz|1998-06-05,notfound,2026-01-24T18:12:31.656Z
Pedro Felipe|2004-05-23,no_ja,2026-02-05T14:11:00.612Z
Pedro|1997-06-20,notfound,2026-02-17T16:37:22.182Z
Pepê|1997-02-24,notfound,2026-01-24T18:53:08.499Z
Pharell Hensel|2007-06-08,no_ja,2026-02-05T13:50:55.744Z
Philip Otele|1999-04-15,no_ja,2026-02-05T13:50:55.744Z
Philipp Sander|1998-02-21,no_ja,2026-01-24T18:15:59.133Z
Phillip Tietz|1997-07-09,no_ja,2026-01-24T18:20:13.285Z
Pierre-Yves Hamel|1994-02-03,no_ja,2026-01-24T18:47:21.547Z
Pio Esposito|2005-06-28,ambiguous,2026-01-24T18:20:13.285Z
Plamen Andreev|2004-12-15,no_ja,2026-01-24T18:50:07.387Z
Portu|1992-05-21,notfound,2026-01-24T18:13:43.229Z
Precious Benjamin|2006-10-01,no_ja,2026-01-24T18:14:42.861Z
Prince Adu|2003-09-23,notfound,2026-02-17T13:13:22.117Z
Prince Owusu|1997-01-07,no_ja,2026-02-17T13:13:22.117Z
Prince Owusu|2004-10-08,notfound,2026-02-17T13:13:22.116Z
Prosper Peter|2007-08-09,no_ja,2026-01-24T18:42:59.117Z
Quentin Merlin|2002-05-16,notfound,2026-01-24T18:40:19.186Z
Quinn Sullivan|2004-03-27,no_ja,2026-02-17T13:15:17.556Z
Rabby Nzingoula|2005-11-25,notfound,2026-01-24T18:41:12.279Z
Rachid Ghanimi|2001-04-25,no_ja,2026-02-17T13:08:57.952Z
Radoslaw Zelezny|2006-09-06,no_ja,2026-01-24T18:22:02.969Z
Rafa Obrador|2004-02-24,notfound,2026-01-24T18:54:10.466Z
Rafael Fernandes|2002-06-28,no_ja,2026-01-24T18:39:23.235Z
Rafael Luís|2005-02-18,no_ja,2026-01-24T18:41:12.279Z
Rafael Mosquera|2005-05-24,no_ja,2026-02-17T13:16:53.647Z
Rafik Messali|2003-04-28,no_ja,2026-01-24T18:42:05.371Z
Rafiu Durosinmi|2003-01-01,no_ja,2026-01-24T18:37:28.889Z
Ragab Nabil|1993-10-18,no_ja,2026-02-17T12:57:15.226Z
Raghed Al-Najjar|1996-09-20,no_ja,2026-02-16T17:29:47.672Z
Rahim Alhassane|2002-01-01,no_ja,2026-01-24T18:13:43.229Z
Ralph Priso|2002-08-02,no_ja,2026-02-17T13:13:22.117Z
Ramahlwe Mphahlele|1990-02-01,no_ja,2026-02-17T13:06:26.200Z
Ramón Juárez|2001-05-09,no_ja,2026-02-17T13:14:19.982Z
Randy Nteka|1997-12-06,notfound,2026-01-24T18:12:31.656Z
Raphaël Le Guen|2006-09-01,no_ja,2026-01-24T18:43:27.385Z
Rassoul Ndiaye|2001-12-11,no_ja,2026-01-24T18:46:22.872Z
Raúl Fernández|1988-03-13,notfound,2026-01-24T18:12:31.656Z
Raúl García|2000-11-03,notfound,2026-01-24T18:12:31.656Z
Raúl Rangel|2000-02-25,no_ja,2026-02-17T13:14:19.982Z
Rayan Elloumi|2007-09-17,no_ja,2026-02-17T13:14:19.982Z
Rayan Fofana|2006-02-12,no_ja,2026-01-24T18:38:27.120Z
Rayan|2006-08-03,notfound,2026-02-03T18:59:51.067Z
Rayane Bounida|2006-03-03,no_ja,2026-01-24T18:51:04.257Z
Razak Simpson|1998-07-15,notfound,2026-02-17T13:12:26.992Z
Răzvan Sava|2002-06-21,no_ja,2026-01-24T18:25:16.503Z
Reda Belahyane|2004-06-01,no_ja,2026-01-24T18:24:50.874Z
Reda Benchaa|2002-03-12,no_ja,2026-02-17T13:10:44.560Z
Reda Hajji|2000-08-26,notfound,2026-02-17T13:08:57.952Z
Reda Khadra|2001-07-04,no_ja,2026-01-24T18:46:22.872Z
Redouane Berkane|2003-07-07,api_error,2026-02-17T13:11:34.535Z
Relebohile Mofokeng|2004-10-23,no_ja,2026-02-17T13:07:04.220Z
Remi Matthews|1994-02-10,no_ja,2026-01-24T18:10:17.264Z
Rémy Descamps|1996-06-25,no_ja,2026-01-24T18:40:19.186Z
Rémy Labeau Lascary|2003-03-03,no_ja,2026-01-24T18:45:31.185Z
Rémy Riou|1987-08-06,no_ja,2026-01-24T18:47:21.547Z
Renaldo Leaner|1998-02-12,notfound,2026-02-17T13:06:26.199Z
Renato Marin|2006-07-10,no_ja,2026-01-24T18:38:27.120Z
Reyniel Perdomo|2001-04-28,no_ja,2026-02-17T13:16:20.980Z
Reziq Bani Hani|2002-01-28,notfound,2026-02-16T17:29:06.473Z
Ricardo Goss|1994-04-02,no_ja,2026-02-17T13:06:26.199Z
Ricardo Mangas|1998-03-19,no_ja,2026-01-24T18:53:08.500Z
Ricardo Santos|1995-06-18,notfound,2026-02-17T13:08:00.627Z
Riccardo Braschi|2006-08-24,no_ja,2026-01-24T18:36:04.295Z
Richard Kone|2003-07-15,no_ja,2026-02-17T13:09:52.356Z
Ricky-Jade Jones|2002-11-08,no_ja,2026-01-24T18:20:13.284Z
Rijk Janse|2002-04-16,no_ja,2026-01-24T18:51:30.737Z
Rio Cardines|2006-07-01,no_ja,2026-01-24T18:10:17.264Z
Rion Ichihara|2005-07-07,ambiguous,2026-02-05T14:36:16.337Z
Rivaldo|2000-09-18,notfound,2026-02-17T13:08:00.627Z
Riyad Idrissi|2005-06-13,no_ja,2026-01-24T18:32:15.239Z
Ro-Zangelo Daal|2004-02-10,no_ja,2026-02-05T14:36:16.338Z
Rober González|2001-01-08,notfound,2026-01-24T18:52:46.268Z
Roberto Fernández|2002-07-03,notfound,2026-01-24T18:11:27.031Z
Roberto Lopes|1992-06-17,no_ja,2026-02-17T13:08:00.627Z
Robin Hranac|2000-01-29,no_ja,2026-01-24T18:14:42.861Z
Robin Risser|2004-12-02,no_ja,2026-01-24T18:37:28.889Z
Rodrigo Gomes|2003-07-07,notfound,2026-01-24T18:10:17.265Z
Rodrigo Mendoza|2005-03-15,notfound,2026-01-24T18:11:27.031Z
Rogério|1998-01-13,notfound,2026-01-24T18:19:23.689Z
Romaine Mundle|2003-04-24,no_ja,2026-01-24T18:09:28.517Z
Romelle Donovan|2006-11-30,notfound,2026-01-24T18:09:28.516Z
Rômulo|2002-02-08,notfound,2026-01-24T18:14:42.861Z
Rosen Bozhinov|2005-01-23,no_ja,2026-02-05T14:11:00.613Z
Ross Doohan|1998-03-29,no_ja,2026-02-07T15:10:27.999Z
Rubén García|1993-07-14,notfound,2026-01-24T18:12:31.656Z
Ruben Kluivert|2001-05-21,no_ja,2026-01-24T18:40:19.186Z
Rúben Pina|2000-01-20,no_ja,2026-02-17T13:08:00.627Z
Rubén Sánchez|2001-02-04,notfound,2026-01-24T18:11:27.031Z
Rudy Matondo|2008-03-13,no_ja,2026-01-24T18:49:11.479Z
Ruslanbek Jiyanov|2001-06-05,no_ja,2026-02-08T15:36:03.377Z
Rustam Turdimuradov|2004-04-04,no_ja,2026-02-08T15:36:03.377Z
Ryan Rodin|2006-03-02,notfound,2026-01-24T18:49:11.479Z
Ryan Teague|2002-01-24,no_ja,2026-02-16T17:29:06.474Z
Saad Al-Mousa|2002-12-10,no_ja,2026-02-16T17:29:47.672Z
Saad Al-Nasser|2001-01-08,no_ja,2026-02-16T17:30:18.529Z
Saâdi Radouani|1995-03-18,no_ja,2026-02-17T13:10:44.561Z
Saba Sazonov|2002-02-01,no_ja,2026-01-24T18:31:20.213Z
Sabir Bougrine|1996-07-10,no_ja,2026-02-17T13:08:57.952Z
Sabri Ben Hessen|1996-06-13,notfound,2026-02-17T13:11:34.536Z
Sadibou Sané|2004-06-10,no_ja,2026-01-24T18:49:11.479Z
Sadik Fofana|2003-05-16,no_ja,2026-01-24T18:34:07.453Z
Saed Al-Rosan|1997-02-01,no_ja,2026-02-08T15:36:35.366Z
Saïdou Sow|2002-07-04,no_ja,2026-01-24T18:41:12.279Z
Saifeddine Bouhra|2000-03-05,notfound,2026-02-17T13:09:52.356Z
Salah Mohsen|1998-09-01,no_ja,2026-02-17T12:57:53.823Z
Salaheddine Chihab|1993-02-23,no_ja,2026-02-17T13:08:57.952Z
Salaheddine Errahouli|2002-10-12,notfound,2026-02-17T13:09:52.356Z
Saleem Obaid|1992-01-17,no_ja,2026-02-08T15:36:35.366Z
Saleh Abu Al-Shamat|2002-08-11,no_ja,2026-02-17T12:57:15.226Z
Saleh Hardani|1998-12-26,notfound,2026-02-08T15:35:10.234Z
Salim Musah|2006-02-22,no_ja,2026-01-24T18:15:32.752Z
Saliou Diop|2005-05-12,no_ja,2026-01-24T18:45:31.185Z
Sam de Laat|2006-06-12,notfound,2026-01-24T18:51:30.738Z
Sam Silvera|2000-10-25,notfound,2026-02-16T17:29:06.474Z
Samba Konaté|2009-02-27,no_ja,2026-01-24T18:14:42.861Z
Samba Mballo|2003-01-18,notfound,2026-02-17T12:57:53.823Z
Sambou Soumano|2001-01-03,notfound,2026-01-24T18:45:31.186Z
Sami Helal|1988-10-19,no_ja,2026-02-17T13:11:34.536Z
Sami Ouaissa|2004-10-02,no_ja,2026-01-24T18:51:30.738Z
Samir Chergui|1999-02-06,no_ja,2026-01-24T18:47:21.547Z
Samir El Mourabet|2005-10-06,no_ja,2026-01-24T18:41:12.279Z
Samu Becerra|2006-06-01,no_ja,2026-01-24T18:12:31.656Z
Samuel Amo-Ameyaw|2006-07-18,no_ja,2026-01-24T18:41:12.280Z
Samuel Dahl|2003-03-04,notfound,2026-01-24T18:54:10.466Z
Samuel Essende|1998-01-23,no_ja,2026-01-24T18:19:23.689Z
Samuel Soares|2002-06-15,no_ja,2026-01-24T18:54:10.466Z
Samukelo Kabini|2004-03-15,notfound,2026-02-17T13:06:26.200Z
Samukelo Xulu|2001-02-02,notfound,2026-02-17T13:06:26.199Z
Sander Tangvik|2002-11-29,no_ja,2026-02-05T13:50:55.744Z
Sang-bin Jeong|2002-04-01,no_ja,2026-02-08T15:36:03.378Z
Sang-yun Kang|2004-05-31,notfound,2026-02-08T15:36:03.378Z
Santiago Colombatto|1997-01-17,no_ja,2026-01-24T18:13:43.229Z
Santiago Hidalgo|2005-02-17,no_ja,2026-01-24T18:42:05.371Z
Santiago Pierotti|2001-04-03,no_ja,2026-01-24T18:34:07.454Z
Sardorbek Bakhromov|2005-02-16,no_ja,2026-02-08T15:36:03.377Z
Sascha Britschgi|2006-08-27,no_ja,2026-01-24T18:33:09.279Z
Sayfallah Ltaief|2000-04-22,no_ja,2026-02-17T13:12:26.991Z
Sean Steur|2008-01-11,no_ja,2026-01-24T18:51:04.257Z
Sebastian Berhalter|2001-05-10,notfound,2026-02-17T13:15:17.556Z
Sebastian Otoa|2004-05-13,no_ja,2026-01-24T18:35:09.433Z
Sebastian Sebulonsen|2000-01-27,no_ja,2026-01-24T18:15:59.133Z
Sebastian Tounekti|2002-07-13,no_ja,2026-02-07T15:10:28.000Z
Seifeddine Jaziri|1993-02-11,notfound,2026-02-17T13:12:26.991Z
Sékou Doucouré|2005-04-26,no_ja,2026-01-24T18:48:17.262Z
Selton Sánchez|2007-02-20,no_ja,2026-01-24T18:11:27.031Z
Sem Steijn|2001-11-12,notfound,2026-01-24T18:51:04.256Z
Seny Koumbassa|2007-06-20,notfound,2026-01-24T18:42:05.370Z
Seon-min Moon|1992-06-09,notfound,2026-02-08T15:36:03.378Z
Sergi Cardona|1999-07-08,notfound,2026-01-24T18:10:17.265Z
Sergiu Perciun|2006-04-23,no_ja,2026-01-24T18:31:20.214Z
Seung-gyu Kim|1990-09-30,notfound,2026-02-08T15:36:03.377Z
Seung-won Lee|2003-03-06,no_ja,2026-02-08T15:36:03.378Z
Seung-wook Park|1997-05-07,notfound,2026-02-08T15:36:03.377Z
Seydou Fini|2006-06-02,no_ja,2026-01-24T18:35:09.433Z
Seyni Mbaye Ndiaye|2005-01-05,no_ja,2026-02-17T12:58:18.112Z
Shafiq Nandja|2007-01-15,no_ja,2026-02-05T13:50:55.744Z
Shandre Campbell|2005-07-15,no_ja,2026-02-17T13:07:04.220Z
Shaqueel van Persie|2006-11-16,no_ja,2026-01-24T18:51:04.256Z
Shararh|1997-12-30,notfound,2026-02-16T17:29:06.473Z
Sherzod Nasrullaev|1998-07-23,no_ja,2026-02-08T15:35:10.234Z
Shiloh 't Zand|2003-05-14,no_ja,2026-01-24T18:51:04.256Z
Shola Jimoh|2008-04-08,no_ja,2026-02-17T13:14:19.981Z
Sidiki Chérif|2006-12-15,no_ja,2026-01-24T18:42:59.117Z
Sidny Cabral|2002-09-18,notfound,2026-01-24T18:54:10.467Z
Sidny Lopes Cabral|2002-09-18,no_ja,2026-02-05T14:42:04.678Z
Silas Ostrzinski|2003-11-19,no_ja,2026-01-24T18:14:42.861Z
Silas|1998-10-06,notfound,2026-01-24T18:20:13.285Z
Simon Ebonog|2004-08-16,notfound,2026-01-24T18:46:22.872Z
Simon Spari|2002-06-16,no_ja,2026-01-24T18:19:23.689Z
Simone Canestrelli|2000-09-11,no_ja,2026-01-24T18:36:34.031Z
Simone Perilli|1995-01-07,notfound,2026-01-24T18:36:04.295Z
Simphiwe Selepe|2005-02-19,notfound,2026-02-17T13:07:04.219Z
Sinoxolo Kwayiba|2000-02-15,no_ja,2026-02-17T13:07:04.220Z
Sipho Chaine|1996-12-14,no_ja,2026-02-17T13:06:26.199Z
Sipho Mbule|1998-03-22,no_ja,2026-02-17T13:07:04.219Z
Siyabonga Mashinini|2003-01-23,notfound,2026-02-17T13:07:04.220Z
Siyabonga Ngezana|1997-07-15,notfound,2026-02-17T13:06:26.199Z
Sofiane Alakouch|1998-07-29,no_ja,2026-01-24T18:47:21.547Z
Sohaib Naïr|2002-04-23,no_ja,2026-02-17T13:10:44.560Z
Soufiane Bayazid|1996-11-16,notfound,2026-02-17T13:11:34.535Z
Soufiane Bouftini|1994-05-03,no_ja,2026-02-17T13:08:57.952Z
Souleymane Faye|2003-02-08,no_ja,2026-02-05T14:42:04.677Z
Souza|2006-06-16,notfound,2026-02-03T17:57:13.565Z
Stanis Idumbo|2005-06-29,no_ja,2026-01-24T18:42:59.116Z
Stefan Schimmer|1994-04-28,no_ja,2026-01-24T18:20:13.285Z
Stefan Smarkalev|2007-05-14,no_ja,2026-01-24T18:15:32.752Z
Stephan Zagadou|2008-10-24,no_ja,2026-01-24T18:45:31.186Z
Stéphane Cueni|2001-03-14,no_ja,2026-02-17T13:08:00.627Z
Suleman Sani|2006-09-01,no_ja,2026-02-05T13:50:55.743Z
Sultan Mandash|1994-10-17,no_ja,2026-02-17T12:57:15.226Z
Tae-hyeon Kim|1996-12-19,notfound,2026-02-08T15:36:03.377Z
Tae-hyeon Kim|2000-09-17,notfound,2026-02-08T15:36:03.377Z
Tae-seok Lee|2002-07-28,notfound,2026-02-08T15:36:03.377Z
Taher Mohamed|1997-03-07,notfound,2026-02-17T12:57:53.823Z
Tahsin Mohammed Jamshid|2006-06-16,notfound,2026-02-16T17:29:47.672Z
Tammer Bany|2003-10-19,no_ja,2026-02-16T17:29:06.473Z
Tani Oluwaseyi|2000-05-15,no_ja,2026-01-24T18:10:17.265Z
Tarek Bousseder|2000-11-28,notfound,2026-02-17T13:10:44.560Z
Tawanda Chirewa|2003-10-12,no_ja,2026-01-24T18:10:17.265Z
Tebogo Tlolane|1994-12-21,no_ja,2026-02-17T13:07:04.220Z
Teboho Mokoena|1997-01-24,no_ja,2026-02-17T13:07:04.219Z
Telli Siwe|2004-12-14,notfound,2026-01-24T18:48:17.263Z
Telmo Arcanjo|2001-06-21,no_ja,2026-02-17T13:08:00.627Z
Téo Barišić|2004-09-30,no_ja,2026-01-24T18:40:19.186Z
Terrence Mashego|1996-06-28,notfound,2026-02-17T13:06:26.200Z
Terry Yegbe|2001-01-25,no_ja,2026-01-24T18:49:11.479Z
Tete Morente|1996-12-04,notfound,2026-01-24T18:34:07.454Z
Thabang Matuludi|1999-01-14,no_ja,2026-02-17T13:06:26.200Z
Thabang Molaoa|2000-03-15,notfound,2026-02-17T13:06:26.200Z
Thabiso Kutumela|1993-07-03,no_ja,2026-02-17T13:07:04.220Z
Thabiso Monyane|2000-04-30,no_ja,2026-02-17T13:06:26.200Z
Thabo Moloisane|1999-02-24,no_ja,2026-02-17T13:06:26.199Z
Thalente Mbatha|2000-03-06,no_ja,2026-02-17T13:07:04.219Z
Thamsanqa Masiya|1996-09-17,notfound,2026-02-17T13:07:04.220Z
Thapelo Morena|1993-08-06,no_ja,2026-02-17T13:06:26.200Z
Theo Bair|1999-08-27,no_ja,2026-02-17T13:14:19.982Z
Théo De Percin|2001-02-02,no_ja,2026-01-24T18:48:17.263Z
Théo Vermot|1997-01-27,no_ja,2026-02-05T14:27:47.972Z
Thiago Fernández|2004-04-03,no_ja,2026-01-24T18:10:17.265Z
Thibault De Smet|1998-06-05,no_ja,2026-01-24T18:47:21.547Z
Thijs Kraaijeveld|2007-05-03,no_ja,2026-01-24T18:51:04.256Z
Thomas Kristensen|2002-01-17,no_ja,2026-01-24T18:25:16.503Z
Tiago Coimbra|2004-01-17,no_ja,2026-02-17T13:14:19.982Z
Tiago Gabriel|2004-12-26,no_ja,2026-01-24T18:34:07.453Z
Tiago Gouveia|2001-06-18,no_ja,2026-01-24T18:47:21.547Z
Tiago Pereira Cardoso|2006-04-07,notfound,2026-01-24T18:15:59.133Z
Tidiam Gomis|2006-08-08,no_ja,2026-01-24T18:14:42.861Z
Tidiane Devernois|2007-10-18,notfound,2026-01-24T18:49:11.479Z
Tim Oermann|2003-10-06,no_ja,2026-02-05T13:50:55.744Z
Tim Siersleben|2000-03-09,no_ja,2026-01-24T18:20:13.284Z
Tochukwu Nnadi|2003-06-30,no_ja,2026-02-05T14:27:47.973Z
Tom King|1995-03-09,notfound,2026-01-24T18:09:28.517Z
Tom Louchet|2003-05-04,no_ja,2026-01-24T18:46:22.873Z
Tom Negrel|2003-04-13,no_ja,2026-01-24T18:48:17.263Z
Tom Rothe|2004-10-29,no_ja,2026-01-24T18:15:32.751Z
Tom Watson|2006-04-08,notfound,2026-01-24T18:09:28.517Z
Tomás Pérez|2005-08-26,no_ja,2026-01-24T18:52:46.269Z
Tomás Rodríguez|1999-03-09,no_ja,2026-02-17T13:16:53.647Z
Trai Hume|2002-03-18,no_ja,2026-01-24T18:09:28.517Z
Trevan Sanusi|2007-04-25,notfound,2026-01-24T18:45:31.186Z
Tristan Blackmon|1996-08-12,no_ja,2026-02-17T13:15:17.555Z
Tshepang Moremi|2000-10-02,no_ja,2026-02-17T13:07:04.220Z
Tuomas Ollila|2000-04-25,notfound,2026-01-24T18:47:21.547Z
Turki Al-Ammar|1999-09-24,notfound,2026-02-17T12:57:15.226Z
Tylel Tati|2008-01-19,no_ja,2026-01-24T18:47:21.548Z
Tyler Dibling|2006-02-17,notfound,2026-01-24T18:09:28.517Z
Tyler Fredricson|2005-02-23,no_ja,2026-01-24T18:09:28.517Z
Tylon Smith|2005-05-09,no_ja,2026-02-17T13:06:26.200Z
Tyrhys Dolan|2001-12-28,no_ja,2026-01-24T18:11:27.031Z
Uchenna Ogundu|2006-05-12,no_ja,2026-02-05T13:50:55.743Z
Ugo Raghouber|2003-07-13,no_ja,2026-01-24T18:39:23.235Z
Umar Eshmurodov|1992-11-30,no_ja,2026-02-08T15:35:10.234Z
Unai Egiluz|2002-03-19,no_ja,2026-01-24T18:11:27.031Z
Unai Elgezabal|1993-04-25,no_ja,2026-01-24T18:13:43.229Z
Urko Izeta|1999-09-29,no_ja,2026-01-24T18:11:27.031Z
Václav Hladký|1990-11-14,no_ja,2026-01-24T18:10:17.265Z
Valentín Gómez|2003-06-26,no_ja,2026-01-24T18:11:27.031Z
Valentin Rosier|1996-08-19,no_ja,2026-01-24T18:12:31.655Z
Víctor García|1997-09-16,notfound,2026-01-24T18:13:43.229Z
Víctor Griffith|2000-12-12,no_ja,2026-02-17T13:16:20.980Z
Victor Lekhal|1994-02-27,no_ja,2026-02-17T13:10:44.561Z
Víctor Muñoz|2003-07-13,notfound,2026-01-24T18:12:31.656Z
Victor Parada|2002-04-04,no_ja,2026-01-24T18:12:31.656Z
Vieux Cissé|2004-04-23,notfound,2026-02-17T13:06:26.198Z
Viggo Gebel|2007-11-22,notfound,2026-01-24T18:14:42.861Z
Vincent Marchetti|1997-07-04,no_ja,2026-01-24T18:47:21.547Z
Vini Souza|1999-06-17,notfound,2026-01-24T18:19:23.689Z
Vitinho|1999-07-23,notfound,2026-02-17T16:37:22.182Z
Vladimir Nazarov|2002-06-08,notfound,2026-02-08T15:35:10.234Z
Vladyslav Krapyvtsov|2005-06-25,no_ja,2026-01-24T18:13:43.229Z
Vuyo Letlapa|2003-08-08,notfound,2026-02-17T13:06:26.200Z
Wael Mohya|2008-12-31,no_ja,2026-01-24T18:15:59.133Z
Wagner Pina|2002-11-03,api_error,2026-02-17T13:08:00.627Z
Waleed Al-Ahmad|1999-05-03,notfound,2026-02-16T17:30:18.529Z
Walid Azaro|1995-06-11,no_ja,2026-02-17T13:09:52.356Z
Walid El Karti|1994-07-23,no_ja,2026-02-17T13:08:57.952Z
Warren Kamanzi|2000-11-11,no_ja,2026-01-24T18:42:05.370Z
Wassim Bouziane|2006-12-22,no_ja,2026-02-05T14:36:16.338Z
Wayde Jooste|1991-09-27,notfound,2026-02-17T13:06:26.200Z
Wesley Adeh|2007-01-08,no_ja,2026-01-24T18:15:32.752Z
Wesley|2003-09-06,notfound,2026-01-24T18:22:02.969Z
Wesley|2005-03-05,notfound,2026-02-03T19:33:55.505Z
Weslley Patati|2003-10-01,no_ja,2026-02-05T14:36:16.338Z
William Gomes|2006-03-15,no_ja,2026-01-24T18:53:08.499Z
William Mikelbrencis|2004-02-25,notfound,2026-01-24T18:15:59.133Z
Willum Thór Willumsson|1998-10-23,no_ja,2026-02-05T14:36:16.334Z
Wisdom Mike|2008-09-24,no_ja,2026-01-24T18:14:42.861Z
Yael Trepy|2006-05-20,notfound,2026-02-05T14:11:00.612Z
Yanela Mbuthuma|2002-02-23,no_ja,2026-02-17T13:07:04.220Z
Yanis Zouaoui|1998-04-28,notfound,2026-01-24T18:46:22.871Z
Yann Lienard|2003-03-16,no_ja,2026-01-24T18:42:05.371Z
Yannick Eduardo|2006-01-23,no_ja,2026-02-05T13:50:55.743Z
Yannick Semedo|1995-12-29,no_ja,2026-02-17T13:08:00.627Z
Yannik Keitel|2000-02-15,no_ja,2026-01-24T18:19:23.689Z
Yannik Wagner|2007-05-09,no_ja,2026-01-24T18:20:13.284Z
Yannis Lawson|2004-11-22,no_ja,2026-01-24T18:49:11.479Z
Yasser Ibrahim|1993-02-10,notfound,2026-02-17T12:57:15.226Z
Yassin Belkhdim|2002-02-14,no_ja,2026-01-24T18:42:59.116Z
Yassin Marei|2001-11-07,no_ja,2026-02-17T12:57:15.226Z
Yassine Titraoui|2003-07-26,notfound,2026-02-17T13:10:44.561Z
Yassir Zabiri|2005-02-23,no_ja,2026-02-05T14:27:47.974Z
Yaya Sithole|1999-03-03,no_ja,2026-02-17T13:07:04.219Z
Yazan Al-Arab|1996-01-31,notfound,2026-02-08T15:36:35.366Z
Yeferson Paz|2002-06-13,no_ja,2026-01-24T18:30:33.078Z
Yegor Yarmolyuk|2004-03-01,notfound,2026-01-24T18:09:28.516Z
Yehia Zakaria|2001-12-20,notfound,2026-02-17T12:57:15.226Z
Yoel Lago|2004-03-25,notfound,2026-01-24T18:11:27.031Z
Yong-woo Park|1993-09-10,notfound,2026-02-08T15:36:03.377Z
Younes Ebnoutalib|2003-09-13,no_ja,2026-01-24T18:15:32.751Z
Youness El Kaabi|2000-12-12,no_ja,2026-02-17T13:09:52.356Z
Young-woo Seol|1998-12-05,notfound,2026-02-08T15:36:03.377Z
Yousef Abu Al-Jazar|1999-10-25,notfound,2026-02-08T15:36:35.366Z
Yousri Sbai|2004-08-08,no_ja,2026-01-24T18:51:30.738Z
Youssef Ayman|1999-03-21,notfound,2026-02-16T17:29:06.474Z
Youssef Belammari|1998-09-20,no_ja,2026-02-17T13:08:57.952Z
Youssef El Kachati|1999-11-09,notfound,2026-01-24T18:52:46.269Z
Youssef Enríquez|2005-10-07,no_ja,2026-01-24T18:12:31.656Z
Youssef Mehri|1999-09-07,no_ja,2026-02-17T13:08:57.952Z
Youssef Snana|2004-03-24,no_ja,2026-02-17T13:12:26.991Z
Youssoupha Niang|2006-03-25,notfound,2026-02-05T13:50:55.742Z
Yuba-Rayane Yesli|1999-10-12,no_ja,2026-02-17T13:10:44.560Z
Yunus Konak|2006-01-10,no_ja,2026-01-24T18:09:28.516Z
Yuran Fernandes|1994-10-19,no_ja,2026-02-17T13:08:00.627Z
Yvan Neyou|1997-01-03,no_ja,2026-01-24T18:12:31.655Z
Zach Abbott|2006-05-13,notfound,2026-01-24T18:10:17.265Z
Zafarmurod Abdirakhmatov|2003-04-28,notfound,2026-02-08T15:35:10.234Z
Zak Johnson|2004-07-30,no_ja,2026-01-24T18:09:28.517Z
Zakaria Bouhalfaya|1997-08-11,notfound,2026-02-17T13:09:52.356Z
Zakaria Draoui|1994-02-20,no_ja,2026-02-17T13:10:44.561Z
Zakhele Lepasa|1997-03-19,no_ja,2026-02-17T13:07:04.220Z
Zalaka|1999-09-12,notfound,2026-02-17T12:57:53.823Z
Zanos Savva|2005-11-26,no_ja,2026-01-24T18:31:20.214Z
Zé Pedro|1997-06-06,no_ja,2026-01-24T18:32:15.239Z
Zineddine Belaid|1999-03-20,no_ja,2026-02-17T13:10:44.560Z
Ziyad Al-Johani|2001-11-11,no_ja,2026-02-16T17:30:18.529Z
Zorhan Bassong|1999-05-07,no_ja,2026-02-17T13:14:19.981Z
Zuko Mdunyelwa|1999-06-06,notfound,2026-02-17T13:06:26.200Z